CatalogKey,StateCode,Number,CatalogLocation,City,ParentPlace,Region,DisplayPlace,Country,PlaceType,TokenCount,SourcePdfPage
AL40,AL,40,Alexander City,Alexander City,,Alabama,"Alexander City, Alabama",United States,location,2,20
AL100,AL,100,Auburn,Auburn,,Alabama,"Auburn, Alabama",United States,location,1,20
AL120,AL,120,Birmingham,Birmingham,,Alabama,"Birmingham, Alabama",United States,location,13,20
AL190,AL,190,Clanton,Clanton,,Alabama,"Clanton, Alabama",United States,location,2,20
AL220,AL,220,Decatur,Decatur,,Alabama,"Decatur, Alabama",United States,location,15,20
AL230,AL,230,Demopolis,Demopolis,,Alabama,"Demopolis, Alabama",United States,location,2,21
AL240,AL,240,Dothan,Dothan,,Alabama,"Dothan, Alabama",United States,location,2,21
AL370,AL,370,Gadsden,Gadsden,,Alabama,"Gadsden, Alabama",United States,location,3,21
AL470,AL,470,Huntsville,Huntsville,,Alabama,"Huntsville, Alabama",United States,location,3,21
AL560,AL,560,Mobile,Mobile,,Alabama,"Mobile, Alabama",United States,location,27,21
AL570,AL,570,Montgomery,Montgomery,,Alabama,"Montgomery, Alabama",United States,location,6,22
AL605,AL,605,Orange Beach,Orange Beach,,Alabama,"Orange Beach, Alabama",United States,location,1,22
AL610,AL,610,Ozark,Ozark,,Alabama,"Ozark, Alabama",United States,location,1,22
AL680,AL,680,Prichard,Prichard,,Alabama,"Prichard, Alabama",United States,location,1,22
AL730,AL,730,Selma,Selma,,Alabama,"Selma, Alabama",United States,location,1,22
AL740,AL,740,Sheffield,Sheffield,,Alabama,"Sheffield, Alabama",United States,location,1,23
AL750,AL,750,Sylacauga,Sylacauga,,Alabama,"Sylacauga, Alabama",United States,location,14,23
AL800,AL,800,Tuscaloosa,Tuscaloosa,,Alabama,"Tuscaloosa, Alabama",United States,location,7,23
AL820,AL,820,Tuskegee,Tuskegee,,Alabama,"Tuskegee, Alabama",United States,location,1,23
AL840,AL,840,Wetumpka,Wetumpka,,Alabama,"Wetumpka, Alabama",United States,location,1,23
AL998,AL,998,Patterns,Patterns,,Alabama,"Patterns, Alabama",United States,category,3,23
AK50,AK,50,Anchorage,Anchorage,,Alaska,"Anchorage, Alaska",United States,location,13,24
AK100,AK,100,Barrow,Barrow,,Alaska,"Barrow, Alaska",United States,location,2,24
AK110,AK,110,Bethel,Bethel,,Alaska,"Bethel, Alaska",United States,location,1,25
AK190,AK,190,Cooper Landing,Cooper Landing,,Alaska,"Cooper Landing, Alaska",United States,location,5,25
AK300,AK,300,Fairbanks,Fairbanks,,Alaska,"Fairbanks, Alaska",United States,location,24,25
AK350,AK,350,Healy,Healy,,Alaska,"Healy, Alaska",United States,location,1,26
AK400,AK,400,Juneau,Juneau,,Alaska,"Juneau, Alaska",United States,location,11,26
AK450,AK,450,Ketchikan,Ketchikan,,Alaska,"Ketchikan, Alaska",United States,location,18,27
AK500,AK,500,Kodiak,Kodiak,,Alaska,"Kodiak, Alaska",United States,location,2,27
AK650,AK,650,Nome,Nome,,Alaska,"Nome, Alaska",United States,location,1,27
AK800,AK,800,Sitka,Sitka,,Alaska,"Sitka, Alaska",United States,location,2,28
AK825,AK,825,Soldotna,Soldotna,,Alaska,"Soldotna, Alaska",United States,location,5,28
AK900,AK,900,Wacker,Wacker,,Alaska,"Wacker, Alaska",United States,location,2,28
AK998,AK,998,Patterns,Patterns,,Alaska,"Patterns, Alaska",United States,category,1,28
AK1000,AK,1000,Miscellaneous,Miscellaneous,,Alaska,"Miscellaneous, Alaska",United States,category,8,28
AZ80,AZ,80,Bisbee,Bisbee,,Arizona,"Bisbee, Arizona",United States,location,9,30
AZ100,AZ,100,Chandler,Chandler,,Arizona,"Chandler, Arizona",United States,location,1,30
AZ150,AZ,150,Cottonwood,Cottonwood,,Arizona,"Cottonwood, Arizona",United States,location,1,30
AZ240,AZ,240,Flagstaff,Flagstaff,,Arizona,"Flagstaff, Arizona",United States,location,5,30
AZ280,AZ,280,Glendale,Glendale,,Arizona,"Glendale, Arizona",United States,location,1,30
AZ375,AZ,375,Lake Havasu City,Lake Havasu City,,Arizona,"Lake Havasu City, Arizona",United States,location,4,31
AZ440,AZ,440,Mesa,Mesa,,Arizona,"Mesa, Arizona",United States,location,3,31
AZ640,AZ,640,Phoenix,Phoenix,,Arizona,"Phoenix, Arizona",United States,location,14,31
AZ680,AZ,680,Prescott,Prescott,,Arizona,"Prescott, Arizona",United States,location,3,32
AZ720,AZ,720,Safford,Safford,,Arizona,"Safford, Arizona",United States,location,1,32
AZ780,AZ,780,Scottsdale,Scottsdale,,Arizona,"Scottsdale, Arizona",United States,location,1,32
AZ800,AZ,800,Tempe,Tempe,,Arizona,"Tempe, Arizona",United States,location,1,32
AZ840,AZ,840,Tucson,Tucson,,Arizona,"Tucson, Arizona",United States,location,10,32
AZ998,AZ,998,Patterns,Patterns,,Arizona,"Patterns, Arizona",United States,category,3,32
AZ1000,AZ,1000,Miscellaneous,Miscellaneous,,Arizona,"Miscellaneous, Arizona",United States,category,13,33
AR15,AR,15,Arkadelphia,Arkadelphia,,Arkansas,"Arkadelphia, Arkansas",United States,location,7,34
AR60,AR,60,Batesville,Batesville,,Arkansas,"Batesville, Arkansas",United States,location,1,34
AR75,AR,75,Benton,Benton,,Arkansas,"Benton, Arkansas",United States,location,3,34
AR105,AR,105,Blytheville,Blytheville,,Arkansas,"Blytheville, Arkansas",United States,location,3,34
AR150,AR,150,Camden,Camden,,Arkansas,"Camden, Arkansas",United States,location,6,34
AR190,AR,190,College Heights,College Heights,,Arkansas,"College Heights, Arkansas",United States,location,1,35
AR285,AR,285,El Dorado,El Dorado,,Arkansas,"El Dorado, Arkansas",United States,location,3,35
AR300,AR,300,Eureka Springs,Eureka Springs,,Arkansas,"Eureka Springs, Arkansas",United States,location,6,35
AR315,AR,315,Fayetteville,Fayetteville,,Arkansas,"Fayetteville, Arkansas",United States,location,2,35
AR360,AR,360,Fort Smith,Fort Smith,,Arkansas,"Fort Smith, Arkansas",United States,location,11,36
AR400,AR,400,Heber Springs,Heber Springs,,Arkansas,"Heber Springs, Arkansas",United States,location,1,36
AR405,AR,405,Helena,Helena,,Arkansas,"Helena, Arkansas",United States,location,2,36
AR435,AR,435,Hot Springs,Hot Springs,,Arkansas,"Hot Springs, Arkansas",United States,location,18,36
AR450,AR,450,Jonesboro,Jonesboro,,Arkansas,"Jonesboro, Arkansas",United States,location,4,37
AR480,AR,480,Little Rock,Little Rock,,Arkansas,"Little Rock, Arkansas",United States,location,23,37
AR515,AR,515,Mammoth Springs,Mammoth Springs,,Arkansas,"Mammoth Springs, Arkansas",United States,location,1,38
AR585,AR,585,Monticello,Monticello,,Arkansas,"Monticello, Arkansas",United States,location,1,38
AR600,AR,600,Osceola,Osceola,,Arkansas,"Osceola, Arkansas",United States,location,1,38
AR720,AR,720,Pine Bluff,Pine Bluff,,Arkansas,"Pine Bluff, Arkansas",United States,location,3,38
AR885,AR,885,Texarkana,Texarkana,,Arkansas,"Texarkana, Arkansas",United States,location,8,38
AR945,AR,945,Warren,Warren,,Arkansas,"Warren, Arkansas",United States,location,2,38
AR975,AR,975,West Memphis,West Memphis,,Arkansas,"West Memphis, Arkansas",United States,location,2,39
AR1000,AR,1000,Miscellaneous,Miscellaneous,,Arkansas,"Miscellaneous, Arkansas",United States,category,1,39
CA5,CA,5,Alameda,Alameda,,California,"Alameda, California",United States,location,1,40
CA25,CA,25,Anaheim,Anaheim,,California,"Anaheim, California",United States,location,1,40
CA39,CA,39,Atascadero,Atascadero,,California,"Atascadero, California",United States,location,1,40
CA50,CA,50,Bakersfield,Bakersfield,,California,"Bakersfield, California",United States,location,3,40
CA60,CA,60,Barstow,Barstow,,California,"Barstow, California",United States,location,3,40
CA70,CA,70,Bear Valley,Bear Valley,,California,"Bear Valley, California",United States,location,1,40
CA72,CA,72,Beaumont,Beaumont,,California,"Beaumont, California",United States,location,1,40
CA75,CA,75,Bellflower,Bellflower,,California,"Bellflower, California",United States,location,1,40
CA82,CA,82,Big Bear Lake,Big Bear Lake,,California,"Big Bear Lake, California",United States,location,1,41
CA97,CA,97,Brentwood,Brentwood,,California,"Brentwood, California",United States,location,1,41
CA100,CA,100,Brisbane,Brisbane,,California,"Brisbane, California",United States,location,3,41
CA105,CA,105,Buena Park,Buena Park,,California,"Buena Park, California",United States,location,1,41
CA110,CA,110,Burbank,Burbank,,California,"Burbank, California",United States,location,4,41
CA120,CA,120,Calexico,Calexico,,California,"Calexico, California",United States,location,1,41
CA125,CA,125,Carmel,Carmel,,California,"Carmel, California",United States,location,4,41
CA128,CA,128,Carson,Carson,,California,"Carson, California",United States,location,4,41
CA129,CA,129,Castroville,Castroville,,California,"Castroville, California",United States,location,2,42
CA130,CA,130,Cerritos,Cerritos,,California,"Cerritos, California",United States,location,1,42
CA148,CA,148,Clovis,Clovis,,California,"Clovis, California",United States,location,1,42
CA175,CA,175,Concord,Concord,,California,"Concord, California",United States,location,1,42
CA176,CA,176,Concord Cty. Connection Cardboard,Concord Cty. Connection Cardboard,,California,"Concord Cty. Connection Cardboard, California",United States,location,1,42
CA185,CA,185,Coronado,Coronado,,California,"Coronado, California",United States,location,5,42
CA197,CA,197,Crestline,Crestline,,California,"Crestline, California",United States,location,2,43
CA205,CA,205,Culver City,Culver City,,California,"Culver City, California",United States,location,8,43
CA220,CA,220,Del Monte,Del Monte,,California,"Del Monte, California",United States,location,1,43
CA240,CA,240,East Los Angeles,East Los Angeles,,California,"East Los Angeles, California",United States,location,2,43
CA245,CA,245,El Centro,El Centro,,California,"El Centro, California",United States,location,4,43
CA255,CA,255,El Monte,El Monte,,California,"El Monte, California",United States,location,2,43
CA270,CA,270,Escondido,Escondido,,California,"Escondido, California",United States,location,1,43
CA275,CA,275,Eureka,Eureka,,California,"Eureka, California",United States,location,6,44
CA277,CA,277,Exeter,Exeter,,California,"Exeter, California",United States,location,1,44
CA280,CA,280,Fairfield,Fairfield,,California,"Fairfield, California",United States,location,3,44
CA295,CA,295,Fremont,Fremont,,California,"Fremont, California",United States,location,1,44
CA300,CA,300,Fresno,Fresno,,California,"Fresno, California",United States,location,18,44
CA310,CA,310,Gardena,Gardena,,California,"Gardena, California",United States,location,2,45
CA315,CA,315,Gilroy,Gilroy,,California,"Gilroy, California",United States,location,1,45
CA320,CA,320,Glendale,Glendale,,California,"Glendale, California",United States,location,12,45
CA340,CA,340,Hanford,Hanford,,California,"Hanford, California",United States,location,7,45
CA345,CA,345,Hawthorne,Hawthorne,,California,"Hawthorne, California",United States,location,1,46
CA360,CA,360,Highland,Highland,,California,"Highland, California",United States,location,1,46
CA375,CA,375,Hollister,Hollister,,California,"Hollister, California",United States,location,4,46
CA395,CA,395,Inglewood,Inglewood,,California,"Inglewood, California",United States,location,9,46
CA401,CA,401,Jamul,Jamul,,California,"Jamul, California",United States,location,1,46
CA405,CA,405,Lake Arrowhead,Lake Arrowhead,,California,"Lake Arrowhead, California",United States,location,1,46
CA410,CA,410,La Mesa,La Mesa,,California,"La Mesa, California",United States,location,1,46
CA435,CA,435,Lodi,Lodi,,California,"Lodi, California",United States,location,2,46
CA441,CA,441,Lompoc,Lompoc,,California,"Lompoc, California",United States,location,1,47
CA445,CA,445,Long Beach,Long Beach,,California,"Long Beach, California",United States,location,8,47
CA450,CA,450,Los Angeles,Los Angeles,,California,"Los Angeles, California",United States,location,65,47
CA451,CA,451,Southern California RTD,Southern California RTD,,California,"Southern California RTD, California",United States,location,33,49
CA500,CA,500,Merced,Merced,,California,"Merced, California",United States,location,1,51
CA520,CA,520,Montebello,Montebello,,California,"Montebello, California",United States,location,6,51
CA525,CA,525,Monterey,Monterey,,California,"Monterey, California",United States,location,6,51
CA526,CA,526,Monterey Park,Monterey Park,,California,"Monterey Park, California",United States,location,7,52
CA527,CA,527,Morro Bay,Morro Bay,,California,"Morro Bay, California",United States,location,2,52
CA535,CA,535,Mount Lowe,Mount Lowe,,California,"Mount Lowe, California",United States,location,4,52
CA540,CA,540,Napa,Napa,,California,"Napa, California",United States,location,13,52
CA545,CA,545,National City,National City,,California,"National City, California",United States,location,2,53
CA560,CA,560,Newport Beach,Newport Beach,,California,"Newport Beach, California",United States,location,12,53
CA575,CA,575,Oakland,Oakland,,California,"Oakland, California",United States,location,19,53
CA590,CA,590,Ojai,Ojai,,California,"Ojai, California",United States,location,2,54
CA615,CA,615,Pacific Grove,Pacific Grove,,California,"Pacific Grove, California",United States,location,3,54
CA618,CA,618,Palmdale,Palmdale,,California,"Palmdale, California",United States,location,1,54
CA620,CA,620,Palm Springs,Palm Springs,,California,"Palm Springs, California",United States,location,2,54
CA625,CA,625,Palo Alto,Palo Alto,,California,"Palo Alto, California",United States,location,3,55
CA630,CA,630,Pasadena,Pasadena,,California,"Pasadena, California",United States,location,7,55
CA640,CA,640,Perris,Perris,,California,"Perris, California",United States,location,1,55
CA645,CA,645,Pismo Beach,Pismo Beach,,California,"Pismo Beach, California",United States,location,15,55
CA650,CA,650,Pittsburg,Pittsburg,,California,"Pittsburg, California",United States,location,1,56
CA699,CA,699,Rialto,Rialto,,California,"Rialto, California",United States,location,2,56
CA705,CA,705,Riverside,Riverside,,California,"Riverside, California",United States,location,4,56
CA708,CA,708,Rohnert Park,Rohnert Park,,California,"Rohnert Park, California",United States,location,1,56
CA710,CA,710,Rolling Hills,Rolling Hills,,California,"Rolling Hills, California",United States,location,1,56
CA712,CA,712,Roseville,Roseville,,California,"Roseville, California",United States,location,5,57
CA715,CA,715,Sacramento,Sacramento,,California,"Sacramento, California",United States,location,32,57
CA720,CA,720,Salinas,Salinas,,California,"Salinas, California",United States,location,1,58
CA730,CA,730,San Bernardino,San Bernardino,,California,"San Bernardino, California",United States,location,3,58
CA740,CA,740,San Carlos,San Carlos,,California,"San Carlos, California",United States,location,5,58
CA745,CA,745,San Diego,San Diego,,California,"San Diego, California",United States,location,35,59
CA760,CA,760,San Francisco,San Francisco,,California,"San Francisco, California",United States,location,24,60
CA761,CA,761,San Francisco Airport,San Francisco Airport,,California,"San Francisco Airport, California",United States,location,1,61
CA775,CA,775,San Jose,San Jose,,California,"San Jose, California",United States,location,18,61
CA785,CA,785,San Luis Obispo,San Luis Obispo,,California,"San Luis Obispo, California",United States,location,9,62
CA795,CA,795,San Mateo,San Mateo,,California,"San Mateo, California",United States,location,2,63
CA800,CA,800,San Pedro,San Pedro,,California,"San Pedro, California",United States,location,2,63
CA805,CA,805,San Rafael,San Rafael,,California,"San Rafael, California",United States,location,2,63
CA810,CA,810,Santa Ana,Santa Ana,,California,"Santa Ana, California",United States,location,2,63
CA815,CA,815,Santa Barbara,Santa Barbara,,California,"Santa Barbara, California",United States,location,12,63
CA825,CA,825,Santa Cruz,Santa Cruz,,California,"Santa Cruz, California",United States,location,8,64
CA830,CA,830,Santa Maria,Santa Maria,,California,"Santa Maria, California",United States,location,1,64
CA835,CA,835,Santa Monica,Santa Monica,,California,"Santa Monica, California",United States,location,12,64
CA845,CA,845,Santa Rosa,Santa Rosa,,California,"Santa Rosa, California",United States,location,11,65
CA852,CA,852,Sawtelle,Sawtelle,,California,"Sawtelle, California",United States,location,1,65
CA875,CA,875,Solvang,Solvang,,California,"Solvang, California",United States,location,1,65
CA880,CA,880,South Gate,South Gate,,California,"South Gate, California",United States,location,1,65
CA885,CA,885,South Lake Tahoe,South Lake Tahoe,,California,"South Lake Tahoe, California",United States,location,2,65
CA895,CA,895,Stockton,Stockton,,California,"Stockton, California",United States,location,20,65
CA910,CA,910,Terminal Island,Terminal Island,,California,"Terminal Island, California",United States,location,2,66
CA915,CA,915,Torrance,Torrance,,California,"Torrance, California",United States,location,3,66
CA925,CA,925,Tulare,Tulare,,California,"Tulare, California",United States,location,1,66
CA940,CA,940,Vacaville,Vacaville,,California,"Vacaville, California",United States,location,6,66
CA945,CA,945,Vallejo,Vallejo,,California,"Vallejo, California",United States,location,15,67
CA950,CA,950,Venice,Venice,,California,"Venice, California",United States,location,3,67
CA955,CA,955,Ventura,Ventura,,California,"Ventura, California",United States,location,10,67
CA960,CA,960,Visalia,Visalia,,California,"Visalia, California",United States,location,5,68
CA962,CA,962,Walnut Creek,Walnut Creek,,California,"Walnut Creek, California",United States,location,1,68
CA970,CA,970,Watts,Watts,,California,"Watts, California",United States,location,2,68
CA975,CA,975,Whittier,Whittier,,California,"Whittier, California",United States,location,2,68
CA985,CA,985,Wilmington,Wilmington,,California,"Wilmington, California",United States,location,4,69
CA990,CA,990,Yountville,Yountville,,California,"Yountville, California",United States,location,1,69
CA995,CA,995,Yuba City,Yuba City,,California,"Yuba City, California",United States,location,3,69
CA997,CA,997,Zone Checks,Zone Checks,,California,"Zone Checks, California",United States,category,16,69
CA998,CA,998,Patterns,Patterns,,California,"Patterns, California",United States,category,19,70
CA999,CA,999,Passes,Passes,,California,"Passes, California",United States,category,2,70
CA1000,CA,1000,Miscellaneous,Miscellaneous,,California,"Miscellaneous, California",United States,category,67,71
CO20,CO,20,Alamosa,Alamosa,,Colorado,"Alamosa, Colorado",United States,location,2,76
CO30,CO,30,Aspen,Aspen,,Colorado,"Aspen, Colorado",United States,location,1,76
CO40,CO,40,Aurora,Aurora,,Colorado,"Aurora, Colorado",United States,location,8,76
CO45,CO,45,Avon,Avon,,Colorado,"Avon, Colorado",United States,location,4,76
CO60,CO,60,Boulder,Boulder,,Colorado,"Boulder, Colorado",United States,location,7,76
CO110,CO,110,Burlington,Burlington,,Colorado,"Burlington, Colorado",United States,location,15,77
CO120,CO,120,Canon City,Canon City,,Colorado,"Canon City, Colorado",United States,location,1,78
CO140,CO,140,Colorado Springs,Colorado Springs,,Colorado,"Colorado Springs, Colorado",United States,location,13,78
CO240,CO,240,Delta,Delta,,Colorado,"Delta, Colorado",United States,location,2,78
CO260,CO,260,Denver,Denver,,Colorado,"Denver, Colorado",United States,location,23,78
CO280,CO,280,Durango,Durango,,Colorado,"Durango, Colorado",United States,location,5,79
CO300,CO,300,Englewood,Englewood,,Colorado,"Englewood, Colorado",United States,location,7,80
CO340,CO,340,Fort Collins,Fort Collins,,Colorado,"Fort Collins, Colorado",United States,location,22,80
CO350,CO,350,Fort Logan,Fort Logan,,Colorado,"Fort Logan, Colorado",United States,location,1,80
CO380,CO,380,Fraser,Fraser,,Colorado,"Fraser, Colorado",United States,location,1,81
CO400,CO,400,Glenwood Springs,Glenwood Springs,,Colorado,"Glenwood Springs, Colorado",United States,location,1,81
CO420,CO,420,Golden,Golden,,Colorado,"Golden, Colorado",United States,location,1,81
CO440,CO,440,Grand Junction,Grand Junction,,Colorado,"Grand Junction, Colorado",United States,location,7,81
CO460,CO,460,Greeley,Greeley,,Colorado,"Greeley, Colorado",United States,location,5,81
CO500,CO,500,Johnstown,Johnstown,,Colorado,"Johnstown, Colorado",United States,location,1,81
CO540,CO,540,La Junta,La Junta,,Colorado,"La Junta, Colorado",United States,location,4,81
CO580,CO,580,Las Animas,Las Animas,,Colorado,"Las Animas, Colorado",United States,location,1,81
CO600,CO,600,Leadville,Leadville,,Colorado,"Leadville, Colorado",United States,location,1,81
CO620,CO,620,Littleton,Littleton,,Colorado,"Littleton, Colorado",United States,location,2,81
CO640,CO,640,Longmont,Longmont,,Colorado,"Longmont, Colorado",United States,location,2,81
CO680,CO,680,Loveland,Loveland,,Colorado,"Loveland, Colorado",United States,location,8,82
CO690,CO,690,Manitou Springs,Manitou Springs,,Colorado,"Manitou Springs, Colorado",United States,location,6,82
CO760,CO,760,Pueblo,Pueblo,,Colorado,"Pueblo, Colorado",United States,location,15,82
CO830,CO,830,Steamboat Springs,Steamboat Springs,,Colorado,"Steamboat Springs, Colorado",United States,location,15,83
CO840,CO,840,Sterling,Sterling,,Colorado,"Sterling, Colorado",United States,location,1,83
CO860,CO,860,Trinidad,Trinidad,,Colorado,"Trinidad, Colorado",United States,location,5,84
CO890,CO,890,Villa Grove,Villa Grove,,Colorado,"Villa Grove, Colorado",United States,location,1,84
CO998,CO,998,Patterns,Patterns,,Colorado,"Patterns, Colorado",United States,category,4,84
CO999,CO,999,Special Railroad Passes,Special Railroad Passes,,Colorado,"Special Railroad Passes, Colorado",United States,location,4,84
CT25,CT,25,Botsford,Botsford,,Connecticut,"Botsford, Connecticut",United States,location,1,86
CT35,CT,35,Bridgeport,Bridgeport,,Connecticut,"Bridgeport, Connecticut",United States,location,21,86
CT40,CT,40,Bristol,Bristol,,Connecticut,"Bristol, Connecticut",United States,location,2,86
CT45,CT,45,Brookfield,Brookfield,,Connecticut,"Brookfield, Connecticut",United States,location,1,87
CT55,CT,55,Canaan,Canaan,,Connecticut,"Canaan, Connecticut",United States,location,1,87
CT70,CT,70,Connecticut Turnpike,Connecticut Turnpike,,Connecticut,"Connecticut Turnpike, Connecticut",United States,location,1,87
CT85,CT,85,Danbury,Danbury,,Connecticut,"Danbury, Connecticut",United States,location,5,87
CT130,CT,130,East Haven,East Haven,,Connecticut,"East Haven, Connecticut",United States,location,3,87
CT160,CT,160,Falls Village,Falls Village,,Connecticut,"Falls Village, Connecticut",United States,location,1,87
CT210,CT,210,Hartford,Hartford,,Connecticut,"Hartford, Connecticut",United States,location,10,87
CT220,CT,220,Hawleyville,Hawleyville,,Connecticut,"Hawleyville, Connecticut",United States,location,1,88
CT230,CT,230,Kent,Kent,,Connecticut,"Kent, Connecticut",United States,location,1,88
CT235,CT,235,Lakeville,Lakeville,,Connecticut,"Lakeville, Connecticut",United States,location,3,88
CT240,CT,240,Manchester,Manchester,,Connecticut,"Manchester, Connecticut",United States,location,2,88
CT290,CT,290,New Britain,New Britain,,Connecticut,"New Britain, Connecticut",United States,location,16,88
CT305,CT,305,New Haven,New Haven,,Connecticut,"New Haven, Connecticut",United States,location,18,89
CT320,CT,320,New London,New London,,Connecticut,"New London, Connecticut",United States,location,3,89
CT325,CT,325,New Milford,New Milford,,Connecticut,"New Milford, Connecticut",United States,location,1,89
CT340,CT,340,Norwalk,Norwalk,,Connecticut,"Norwalk, Connecticut",United States,location,1,90
CT345,CT,345,Norwich,Norwich,,Connecticut,"Norwich, Connecticut",United States,location,1,90
CT348,CT,348,Old Saybrook,Old Saybrook,,Connecticut,"Old Saybrook, Connecticut",United States,location,1,90
CT415,CT,415,Saybrook,Saybrook,,Connecticut,"Saybrook, Connecticut",United States,location,1,90
CT520,CT,520,Torrington,Torrington,,Connecticut,"Torrington, Connecticut",United States,location,5,90
CT525,CT,525,Trumbull,Trumbull,,Connecticut,"Trumbull, Connecticut",United States,location,5,90
CT550,CT,550,Warehouse Point,Warehouse Point,,Connecticut,"Warehouse Point, Connecticut",United States,location,6,90
CT560,CT,560,Waterbury,Waterbury,,Connecticut,"Waterbury, Connecticut",United States,location,10,91
CT750,CT,750,West Cornwall,West Cornwall,,Connecticut,"West Cornwall, Connecticut",United States,location,1,91
CT780,CT,780,Winsted,Winsted,,Connecticut,"Winsted, Connecticut",United States,location,2,91
CT998,CT,998,Patterns,Patterns,,Connecticut,"Patterns, Connecticut",United States,category,9,91
CT1000,CT,1000,Miscellaneous,Miscellaneous,,Connecticut,"Miscellaneous, Connecticut",United States,category,1,91
DE300,DE,300,Delaware Highways,Delaware Highways,,Delaware,"Delaware Highways, Delaware",United States,location,11,92
DE700,DE,700,New Castle,New Castle,,Delaware,"New Castle, Delaware",United States,location,1,92
DE900,DE,900,Wilmington,Wilmington,,Delaware,"Wilmington, Delaware",United States,location,11,92
DE1000,DE,1000,Miscellaneous,Miscellaneous,,Delaware,"Miscellaneous, Delaware",United States,category,2,93
FL60,FL,60,Bay Harbor,Bay Harbor,,Florida,"Bay Harbor, Florida",United States,location,3,94
FL80,FL,80,Bonita Springs,Bonita Springs,,Florida,"Bonita Springs, Florida",United States,location,1,94
FL90,FL,90,Bradenton,Bradenton,,Florida,"Bradenton, Florida",United States,location,2,94
FL91,FL,91,Brandon,Brandon,,Florida,"Brandon, Florida",United States,location,1,94
FL92,FL,92,Brooksville,Brooksville,,Florida,"Brooksville, Florida",United States,location,5,94
FL93,FL,93,Bushnell,Bushnell,,Florida,"Bushnell, Florida",United States,location,2,94
FL95,FL,95,Cape Coral,Cape Coral,,Florida,"Cape Coral, Florida",United States,location,1,94
FL105,FL,105,Clearwater,Clearwater,,Florida,"Clearwater, Florida",United States,location,7,95
FL106,FL,106,Clearwater Beach,Clearwater Beach,,Florida,"Clearwater Beach, Florida",United States,location,8,95
FL110,FL,110,Clewiston,Clewiston,,Florida,"Clewiston, Florida",United States,location,2,95
FL130,FL,130,Coral Gables,Coral Gables,,Florida,"Coral Gables, Florida",United States,location,4,95
FL180,FL,180,Daytona Beach,Daytona Beach,,Florida,"Daytona Beach, Florida",United States,location,4,95
FL230,FL,230,Dunnellon,Dunnellon,,Florida,"Dunnellon, Florida",United States,location,2,96
FL250,FL,250,Fla. Dept. of Transportation,Fla. Dept. of Transportation,,Florida,"Fla. Dept. of Transportation, Florida",United States,location,2,96
FL260,FL,260,Fort Lauderdale,Fort Lauderdale,,Florida,"Fort Lauderdale, Florida",United States,location,2,96
FL281,FL,281,Fort Myers Beach,Fort Myers Beach,,Florida,"Fort Myers Beach, Florida",United States,location,1,96
FL290,FL,290,Fort Pierce,Fort Pierce,,Florida,"Fort Pierce, Florida",United States,location,2,96
FL300,FL,300,Gainesville,Gainesville,,Florida,"Gainesville, Florida",United States,location,13,96
FL310,FL,310,Green Cove Springs,Green Cove Springs,,Florida,"Green Cove Springs, Florida",United States,location,1,96
FL315,FL,315,Gulfport,Gulfport,,Florida,"Gulfport, Florida",United States,location,1,97
FL370,FL,370,Homestead,Homestead,,Florida,"Homestead, Florida",United States,location,1,97
FL375,FL,375,Inverness,Inverness,,Florida,"Inverness, Florida",United States,location,2,97
FL380,FL,380,Jacksonville,Jacksonville,,Florida,"Jacksonville, Florida",United States,location,26,97
FL405,FL,405,Key Biscayne,Key Biscayne,,Florida,"Key Biscayne, Florida",United States,location,3,98
FL410,FL,410,Key West,Key West,,Florida,"Key West, Florida",United States,location,1,98
FL420,FL,420,Kissimmee,Kissimmee,,Florida,"Kissimmee, Florida",United States,location,1,98
FL430,FL,430,Lake Buena Vista,Lake Buena Vista,,Florida,"Lake Buena Vista, Florida",United States,location,1,98
FL440,FL,440,Lakeland,Lakeland,,Florida,"Lakeland, Florida",United States,location,2,98
FL460,FL,460,Largo,Largo,,Florida,"Largo, Florida",United States,location,2,98
FL505,FL,505,Marco Island,Marco Island,,Florida,"Marco Island, Florida",United States,location,1,98
FL520,FL,520,Melbourne,Melbourne,,Florida,"Melbourne, Florida",United States,location,5,99
FL530,FL,530,Miami,Miami,,Florida,"Miami, Florida",United States,location,12,99
FL540,FL,540,Miami Beach,Miami Beach,,Florida,"Miami Beach, Florida",United States,location,4,99
FL570,FL,570,Milton,Milton,,Florida,"Milton, Florida",United States,location,3,99
FL595,FL,595,Naples,Naples,,Florida,"Naples, Florida",United States,location,2,100
FL610,FL,610,North Miami,North Miami,,Florida,"North Miami, Florida",United States,location,6,100
FL620,FL,620,Ocala,Ocala,,Florida,"Ocala, Florida",United States,location,7,100
FL622,FL,622,Ocoee,Ocoee,,Florida,"Ocoee, Florida",United States,location,1,100
FL625,FL,625,Opa Locka,Opa Locka,,Florida,"Opa Locka, Florida",United States,location,2,100
FL630,FL,630,Orlando,Orlando,,Florida,"Orlando, Florida",United States,location,4,100
FL670,FL,670,Palm Beach,Palm Beach,,Florida,"Palm Beach, Florida",United States,location,4,101
FL671,FL,671,Palm Beach Gardens,Palm Beach Gardens,,Florida,"Palm Beach Gardens, Florida",United States,location,5,101
FL680,FL,680,Palmetto,Palmetto,,Florida,"Palmetto, Florida",United States,location,1,101
FL690,FL,690,Panama City,Panama City,,Florida,"Panama City, Florida",United States,location,4,101
FL700,FL,700,Pass-A-Grille,Pass-A-Grille,,Florida,"Pass-A-Grille, Florida",United States,location,4,102
FL710,FL,710,Pensacola,Pensacola,,Florida,"Pensacola, Florida",United States,location,7,102
FL715,FL,715,Perdido Key,Perdido Key,,Florida,"Perdido Key, Florida",United States,location,1,102
FL820,FL,820,Sanibel,Sanibel,,Florida,"Sanibel, Florida",United States,location,2,102
FL840,FL,840,Sarasota,Sarasota,,Florida,"Sarasota, Florida",United States,location,8,102
FL850,FL,850,Starke,Starke,,Florida,"Starke, Florida",United States,location,1,103
FL860,FL,860,St. Augustine,St. Augustine,,Florida,"St. Augustine, Florida",United States,location,3,103
FL880,FL,880,St. Petersburg,St. Petersburg,,Florida,"St. Petersburg, Florida",United States,location,15,103
FL881,FL,881,St. Petersburg Beach,St. Petersburg Beach,,Florida,"St. Petersburg Beach, Florida",United States,location,4,104
FL885,FL,885,Stuart,Stuart,,Florida,"Stuart, Florida",United States,location,3,104
FL890,FL,890,Summer Haven,Summer Haven,,Florida,"Summer Haven, Florida",United States,location,2,104
FL900,FL,900,Tallahassee,Tallahassee,,Florida,"Tallahassee, Florida",United States,location,24,104
FL910,FL,910,Tampa,Tampa,,Florida,"Tampa, Florida",United States,location,15,105
FL930,FL,930,Treasure Island,Treasure Island,,Florida,"Treasure Island, Florida",United States,location,5,106
FL960,FL,960,West Palm Beach,West Palm Beach,,Florida,"West Palm Beach, Florida",United States,location,8,106
FL998,FL,998,Patterns,Patterns,,Florida,"Patterns, Florida",United States,category,4,106
FL999,FL,999,Passes,Passes,,Florida,"Passes, Florida",United States,category,4,106
FL1000,FL,1000,Miscellaneous,Miscellaneous,,Florida,"Miscellaneous, Florida",United States,category,16,107
GA20,GA,20,Albany,Albany,,Georgia,"Albany, Georgia",United States,location,2,110
GA50,GA,50,Athens,Athens,,Georgia,"Athens, Georgia",United States,location,3,110
GA60,GA,60,Atlanta,Atlanta,,Georgia,"Atlanta, Georgia",United States,location,35,110
GA70,GA,70,Augusta,Augusta,,Georgia,"Augusta, Georgia",United States,location,5,112
GA130,GA,130,Brunswick,Brunswick,,Georgia,"Brunswick, Georgia",United States,location,2,112
GA200,GA,200,Cartersville,Cartersville,,Georgia,"Cartersville, Georgia",United States,location,1,112
GA240,GA,240,Columbus,Columbus,,Georgia,"Columbus, Georgia",United States,location,7,112
GA270,GA,270,Covington,Covington,,Georgia,"Covington, Georgia",United States,location,1,112
GA360,GA,360,East Point,East Point,,Georgia,"East Point, Georgia",United States,location,3,112
GA450,GA,450,Griffin,Griffin,,Georgia,"Griffin, Georgia",United States,location,3,113
GA540,GA,540,La Grange,La Grange,,Georgia,"La Grange, Georgia",United States,location,2,113
GA580,GA,580,Macon,Macon,,Georgia,"Macon, Georgia",United States,location,28,113
GA630,GA,630,Milledgeville,Milledgeville,,Georgia,"Milledgeville, Georgia",United States,location,4,113
GA690,GA,690,Newnan,Newnan,,Georgia,"Newnan, Georgia",United States,location,1,114
GA750,GA,750,Rome,Rome,,Georgia,"Rome, Georgia",United States,location,10,114
GA760,GA,760,St. Simons Island,St. Simons Island,,Georgia,"St. Simons Island, Georgia",United States,location,1,114
GA765,GA,765,Sapelo Island,Sapelo Island,,Georgia,"Sapelo Island, Georgia",United States,location,1,114
GA780,GA,780,Savannah,Savannah,,Georgia,"Savannah, Georgia",United States,location,15,114
GA880,GA,880,Tifton,Tifton,,Georgia,"Tifton, Georgia",United States,location,1,115
GA910,GA,910,Tybee Island,Tybee Island,,Georgia,"Tybee Island, Georgia",United States,location,2,115
GA920,GA,920,Valdosta,Valdosta,,Georgia,"Valdosta, Georgia",United States,location,3,115
GA998,GA,998,Patterns,Patterns,,Georgia,"Patterns, Georgia",United States,category,4,115
HI60,HI,60,Aiea,Aiea,,Hawaii,"Aiea, Hawaii",United States,location,1,116
HI210,HI,210,Hilo,Hilo,,Hawaii,"Hilo, Hawaii",United States,location,15,116
HI240,HI,240,Honolulu,Honolulu,,Hawaii,"Honolulu, Hawaii",United States,location,6,116
HI330,HI,330,Kahului,Kahului,,Hawaii,"Kahului, Hawaii",United States,location,2,117
HI420,HI,420,Lihue,Lihue,,Hawaii,"Lihue, Hawaii",United States,location,1,117
HI540,HI,540,Pearl Harbor,Pearl Harbor,,Hawaii,"Pearl Harbor, Hawaii",United States,location,6,117
HI998,HI,998,Patterns,Patterns,,Hawaii,"Patterns, Hawaii",United States,category,2,117
HI999,HI,999,Passes,Passes,,Hawaii,"Passes, Hawaii",United States,category,4,117
HI1000,HI,1000,Miscellaneous,Miscellaneous,,Hawaii,"Miscellaneous, Hawaii",United States,category,2,117
ID65,ID,65,Athol,Athol,,Idaho,"Athol, Idaho",United States,location,1,118
ID100,ID,100,Boise,Boise,,Idaho,"Boise, Idaho",United States,location,18,118
ID180,ID,180,Caldwell,Caldwell,,Idaho,"Caldwell, Idaho",United States,location,2,118
ID200,ID,200,Coeur d'Alene,Coeur d'Alene,,Idaho,"Coeur d'Alene, Idaho",United States,location,2,118
ID380,ID,380,Idaho Falls,Idaho Falls,,Idaho,"Idaho Falls, Idaho",United States,location,13,118
ID440,ID,440,Lewiston,Lewiston,,Idaho,"Lewiston, Idaho",United States,location,14,119
ID490,ID,490,Minidoka,Minidoka,,Idaho,"Minidoka, Idaho",United States,location,1,119
ID520,ID,520,Moscow,Moscow,,Idaho,"Moscow, Idaho",United States,location,1,120
ID580,ID,580,Nampa,Nampa,,Idaho,"Nampa, Idaho",United States,location,1,120
ID610,ID,610,Parma,Parma,,Idaho,"Parma, Idaho",United States,location,1,120
ID640,ID,640,Pocatello,Pocatello,,Idaho,"Pocatello, Idaho",United States,location,4,120
ID740,ID,740,St. Anthony,St. Anthony,,Idaho,"St. Anthony, Idaho",United States,location,3,120
ID800,ID,800,Sandpoint,Sandpoint,,Idaho,"Sandpoint, Idaho",United States,location,2,120
ID860,ID,860,Twin Falls,Twin Falls,,Idaho,"Twin Falls, Idaho",United States,location,3,120
ID998,ID,998,Patterns,Patterns,,Idaho,"Patterns, Idaho",United States,category,2,120
IL7,IL,7,Aledo,Aledo,,Illinois,"Aledo, Illinois",United States,location,1,122
IL10,IL,10,Alton,Alton,,Illinois,"Alton, Illinois",United States,location,5,122
IL20,IL,20,Arlington Heights,Arlington Heights,,Illinois,"Arlington Heights, Illinois",United States,location,2,122
IL25,IL,25,Aurora,Aurora,,Illinois,"Aurora, Illinois",United States,location,5,122
IL35,IL,35,Batavia,Batavia,,Illinois,"Batavia, Illinois",United States,location,1,122
IL40,IL,40,Beardstown,Beardstown,,Illinois,"Beardstown, Illinois",United States,location,1,122
IL50,IL,50,Belleville,Belleville,,Illinois,"Belleville, Illinois",United States,location,1,123
IL70,IL,70,Bloomington,Bloomington,,Illinois,"Bloomington, Illinois",United States,location,16,123
IL95,IL,95,Cairo,Cairo,,Illinois,"Cairo, Illinois",United States,location,5,123
IL100,IL,100,Calumet City,Calumet City,,Illinois,"Calumet City, Illinois",United States,location,1,123
IL110,IL,110,Carbondale,Carbondale,,Illinois,"Carbondale, Illinois",United States,location,1,123
IL120,IL,120,Carmi,Carmi,,Illinois,"Carmi, Illinois",United States,location,1,123
IL122,IL,122,Carthage,Carthage,,Illinois,"Carthage, Illinois",United States,location,2,123
IL123,IL,123,Caseyville,Caseyville,,Illinois,"Caseyville, Illinois",United States,location,1,124
IL125,IL,125,Cave-In-Rock,Cave-In-Rock,,Illinois,"Cave-In-Rock, Illinois",United States,location,1,124
IL130,IL,130,Centralia,Centralia,,Illinois,"Centralia, Illinois",United States,location,8,124
IL135,IL,135,Champaign,Champaign,,Illinois,"Champaign, Illinois",United States,location,12,124
IL140,IL,140,Charleston,Charleston,,Illinois,"Charleston, Illinois",United States,location,1,124
IL150,IL,150,Chicago,Chicago,,Illinois,"Chicago, Illinois",United States,location,38,124
IL155,IL,155,Chicago Heights,Chicago Heights,,Illinois,"Chicago Heights, Illinois",United States,location,2,126
IL157,IL,157,Chicago Ridge,Chicago Ridge,,Illinois,"Chicago Ridge, Illinois",United States,location,1,126
IL190,IL,190,Danville,Danville,,Illinois,"Danville, Illinois",United States,location,12,126
IL195,IL,195,Decatur,Decatur,,Illinois,"Decatur, Illinois",United States,location,12,127
IL200,IL,200,DeKalb,DeKalb,,Illinois,"DeKalb, Illinois",United States,location,7,127
IL205,IL,205,Des Plaines,Des Plaines,,Illinois,"Des Plaines, Illinois",United States,location,3,127
IL210,IL,210,Dixon,Dixon,,Illinois,"Dixon, Illinois",United States,location,5,127
IL220,IL,220,Dogtown,Dogtown,,Illinois,"Dogtown, Illinois",United States,location,7,127
IL235,IL,235,East Dubuque,East Dubuque,,Illinois,"East Dubuque, Illinois",United States,location,4,128
IL240,IL,240,East Moline,East Moline,,Illinois,"East Moline, Illinois",United States,location,1,128
IL250,IL,250,East St. Louis,East St. Louis,,Illinois,"East St. Louis, Illinois",United States,location,14,128
IL270,IL,270,Elgin,Elgin,,Illinois,"Elgin, Illinois",United States,location,5,128
IL275,IL,275,Elizabethtown,Elizabethtown,,Illinois,"Elizabethtown, Illinois",United States,location,1,129
IL285,IL,285,Evanston,Evanston,,Illinois,"Evanston, Illinois",United States,location,9,129
IL290,IL,290,Fairfield,Fairfield,,Illinois,"Fairfield, Illinois",United States,location,1,129
IL295,IL,295,Farmer City,Farmer City,,Illinois,"Farmer City, Illinois",United States,location,1,129
IL305,IL,305,Forest Park,Forest Park,,Illinois,"Forest Park, Illinois",United States,location,2,129
IL315,IL,315,Franklin Park,Franklin Park,,Illinois,"Franklin Park, Illinois",United States,location,2,129
IL320,IL,320,Freeport,Freeport,,Illinois,"Freeport, Illinois",United States,location,10,129
IL350,IL,350,Galesburg,Galesburg,,Illinois,"Galesburg, Illinois",United States,location,8,130
IL365,IL,365,Granite City,Granite City,,Illinois,"Granite City, Illinois",United States,location,2,130
IL370,IL,370,Grayville,Grayville,,Illinois,"Grayville, Illinois",United States,location,4,130
IL375,IL,375,Greenup,Greenup,,Illinois,"Greenup, Illinois",United States,location,5,131
IL380,IL,380,Hamburg,Hamburg,,Illinois,"Hamburg, Illinois",United States,location,1,131
IL383,IL,383,Harvard,Harvard,,Illinois,"Harvard, Illinois",United States,location,1,131
IL385,IL,385,Harvey,Harvey,,Illinois,"Harvey, Illinois",United States,location,1,131
IL400,IL,400,Havana,Havana,,Illinois,"Havana, Illinois",United States,location,1,131
IL415,IL,415,Hillsboro,Hillsboro,,Illinois,"Hillsboro, Illinois",United States,location,3,131
IL425,IL,425,Hutsonville,Hutsonville,,Illinois,"Hutsonville, Illinois",United States,location,2,131
IL430,IL,430,Illinois State Highways,Illinois State Highways,,Illinois,"Illinois State Highways, Illinois",United States,location,5,131
IL440,IL,440,Jacksonville,Jacksonville,,Illinois,"Jacksonville, Illinois",United States,location,2,132
IL455,IL,455,Joliet,Joliet,,Illinois,"Joliet, Illinois",United States,location,10,132
IL460,IL,460,Kankakee,Kankakee,,Illinois,"Kankakee, Illinois",United States,location,13,132
IL470,IL,470,Kewanee,Kewanee,,Illinois,"Kewanee, Illinois",United States,location,4,133
IL475,IL,475,La Grange,La Grange,,Illinois,"La Grange, Illinois",United States,location,4,133
IL480,IL,480,La Harpe,La Harpe,,Illinois,"La Harpe, Illinois",United States,location,1,133
IL495,IL,495,La Salle,La Salle,,Illinois,"La Salle, Illinois",United States,location,7,133
IL500,IL,500,Lawrenceville,Lawrenceville,,Illinois,"Lawrenceville, Illinois",United States,location,1,133
IL510,IL,510,Lincoln,Lincoln,,Illinois,"Lincoln, Illinois",United States,location,2,133
IL527,IL,527,Louisville,Louisville,,Illinois,"Louisville, Illinois",United States,location,1,133
IL530,IL,530,Lyons,Lyons,,Illinois,"Lyons, Illinois",United States,location,6,133
IL535,IL,535,Macomb,Macomb,,Illinois,"Macomb, Illinois",United States,location,2,134
IL545,IL,545,Marion,Marion,,Illinois,"Marion, Illinois",United States,location,2,134
IL551,IL,551,Maywood,Maywood,,Illinois,"Maywood, Illinois",United States,location,1,134
IL570,IL,570,Metropolis,Metropolis,,Illinois,"Metropolis, Illinois",United States,location,1,134
IL580,IL,580,Moline,Moline,,Illinois,"Moline, Illinois",United States,location,4,134
IL585,IL,585,Monmouth,Monmouth,,Illinois,"Monmouth, Illinois",United States,location,1,134
IL600,IL,600,Mt. Carmel,Mt. Carmel,,Illinois,"Mt. Carmel, Illinois",United States,location,9,134
IL601,IL,601,Mt. Carroll,Mt. Carroll,,Illinois,"Mt. Carroll, Illinois",United States,location,1,134
IL605,IL,605,Mt. Vernon,Mt. Vernon,,Illinois,"Mt. Vernon, Illinois",United States,location,3,135
IL610,IL,610,Murphysboro,Murphysboro,,Illinois,"Murphysboro, Illinois",United States,location,1,135
IL640,IL,640,Oak Park,Oak Park,,Illinois,"Oak Park, Illinois",United States,location,1,135
IL650,IL,650,Olney,Olney,,Illinois,"Olney, Illinois",United States,location,2,135
IL655,IL,655,Oregon,Oregon,,Illinois,"Oregon, Illinois",United States,location,1,135
IL660,IL,660,Ottawa,Ottawa,,Illinois,"Ottawa, Illinois",United States,location,2,135
IL665,IL,665,Pana,Pana,,Illinois,"Pana, Illinois",United States,location,1,135
IL670,IL,670,Paris,Paris,,Illinois,"Paris, Illinois",United States,location,2,135
IL685,IL,685,Pekin,Pekin,,Illinois,"Pekin, Illinois",United States,location,2,135
IL690,IL,690,Peoria,Peoria,,Illinois,"Peoria, Illinois",United States,location,8,135
IL715,IL,715,Princeton,Princeton,,Illinois,"Princeton, Illinois",United States,location,1,136
IL720,IL,720,Quincy,Quincy,,Illinois,"Quincy, Illinois",United States,location,11,136
IL740,IL,740,Robinson,Robinson,,Illinois,"Robinson, Illinois",United States,location,1,136
IL745,IL,745,Rochelle,Rochelle,,Illinois,"Rochelle, Illinois",United States,location,1,136
IL755,IL,755,Rockford,Rockford,,Illinois,"Rockford, Illinois",United States,location,10,136
IL760,IL,760,Rock Island,Rock Island,,Illinois,"Rock Island, Illinois",United States,location,18,137
IL765,IL,765,Round Lake,Round Lake,,Illinois,"Round Lake, Illinois",United States,location,1,137
IL768,IL,768,Saint Francisville,Saint Francisville,,Illinois,"Saint Francisville, Illinois",United States,location,4,137
IL770,IL,770,Salem,Salem,,Illinois,"Salem, Illinois",United States,location,1,137
IL780,IL,780,Schaumburg,Schaumburg,,Illinois,"Schaumburg, Illinois",United States,location,1,137
IL785,IL,785,Skokie,Skokie,,Illinois,"Skokie, Illinois",United States,location,1,138
IL790,IL,790,Sparta,Sparta,,Illinois,"Sparta, Illinois",United States,location,1,138
IL795,IL,795,Springfield,Springfield,,Illinois,"Springfield, Illinois",United States,location,26,138
IL815,IL,815,Sterling,Sterling,,Illinois,"Sterling, Illinois",United States,location,6,139
IL820,IL,820,Streator,Streator,,Illinois,"Streator, Illinois",United States,location,2,139
IL840,IL,840,Taylorville,Taylorville,,Illinois,"Taylorville, Illinois",United States,location,1,139
IL855,IL,855,Union,Union,,Illinois,"Union, Illinois",United States,location,1,139
IL890,IL,890,Waukegan,Waukegan,,Illinois,"Waukegan, Illinois",United States,location,5,139
IL900,IL,900,Westchester,Westchester,,Illinois,"Westchester, Illinois",United States,location,2,139
IL905,IL,905,West Frankfort,West Frankfort,,Illinois,"West Frankfort, Illinois",United States,location,1,139
IL910,IL,910,Westville,Westville,,Illinois,"Westville, Illinois",United States,location,2,139
IL950,IL,950,Woodridge,Woodridge,,Illinois,"Woodridge, Illinois",United States,location,3,139
IL955,IL,955,Woodstock,Woodstock,,Illinois,"Woodstock, Illinois",United States,location,1,140
IL998,IL,998,Patterns,Patterns,,Illinois,"Patterns, Illinois",United States,category,22,140
IL999,IL,999,Passes,Passes,,Illinois,"Passes, Illinois",United States,category,33,140
IL1000,IL,1000,Miscellaneous,Miscellaneous,,Illinois,"Miscellaneous, Illinois",United States,category,3,141
IN20,IN,20,Anderson,Anderson,,Indiana,"Anderson, Indiana",United States,location,5,144
IN70,IN,70,Aurora,Aurora,,Indiana,"Aurora, Indiana",United States,location,1,144
IN85,IN,85,Bedford,Bedford,,Indiana,"Bedford, Indiana",United States,location,4,144
IN90,IN,90,Beech Grove,Beech Grove,,Indiana,"Beech Grove, Indiana",United States,location,3,144
IN110,IN,110,Bloomington,Bloomington,,Indiana,"Bloomington, Indiana",United States,location,3,144
IN140,IN,140,Brazil,Brazil,,Indiana,"Brazil, Indiana",United States,location,3,144
IN160,IN,160,Clinton,Clinton,,Indiana,"Clinton, Indiana",United States,location,4,145
IN170,IN,170,Columbia City,Columbia City,,Indiana,"Columbia City, Indiana",United States,location,2,145
IN180,IN,180,Columbus,Columbus,,Indiana,"Columbus, Indiana",United States,location,14,145
IN200,IN,200,Crawfordsville,Crawfordsville,,Indiana,"Crawfordsville, Indiana",United States,location,2,145
IN220,IN,220,Decatur,Decatur,,Indiana,"Decatur, Indiana",United States,location,2,145
IN260,IN,260,Elkhart,Elkhart,,Indiana,"Elkhart, Indiana",United States,location,7,145
IN270,IN,270,Elwood,Elwood,,Indiana,"Elwood, Indiana",United States,location,2,146
IN275,IN,275,Enterprise,Enterprise,,Indiana,"Enterprise, Indiana",United States,location,2,146
IN280,IN,280,Evansville,Evansville,,Indiana,"Evansville, Indiana",United States,location,12,146
IN290,IN,290,Fort Wayne,Fort Wayne,,Indiana,"Fort Wayne, Indiana",United States,location,7,146
IN300,IN,300,Frankfort,Frankfort,,Indiana,"Frankfort, Indiana",United States,location,1,147
IN315,IN,315,French Lick,French Lick,,Indiana,"French Lick, Indiana",United States,location,1,147
IN330,IN,330,Gary,Gary,,Indiana,"Gary, Indiana",United States,location,15,147
IN350,IN,350,Goshen,Goshen,,Indiana,"Goshen, Indiana",United States,location,3,147
IN360,IN,360,Greencastle,Greencastle,,Indiana,"Greencastle, Indiana",United States,location,1,147
IN390,IN,390,Hammond,Hammond,,Indiana,"Hammond, Indiana",United States,location,10,148
IN395,IN,395,Harrodsburg,Harrodsburg,,Indiana,"Harrodsburg, Indiana",United States,location,1,148
IN405,IN,405,Hazleton,Hazleton,,Indiana,"Hazleton, Indiana",United States,location,1,148
IN450,IN,450,Indiana Harbor,Indiana Harbor,,Indiana,"Indiana Harbor, Indiana",United States,location,5,148
IN460,IN,460,Indianapolis,Indianapolis,,Indiana,"Indianapolis, Indiana",United States,location,31,148
IN490,IN,490,Jeffersonville,Jeffersonville,,Indiana,"Jeffersonville, Indiana",United States,location,3,149
IN500,IN,500,Kendallville,Kendallville,,Indiana,"Kendallville, Indiana",United States,location,1,149
IN510,IN,510,Kokomo,Kokomo,,Indiana,"Kokomo, Indiana",United States,location,9,150
IN520,IN,520,Lafayette,Lafayette,,Indiana,"Lafayette, Indiana",United States,location,9,150
IN530,IN,530,La Porte,La Porte,,Indiana,"La Porte, Indiana",United States,location,8,150
IN540,IN,540,Lawrenceburg,Lawrenceburg,,Indiana,"Lawrenceburg, Indiana",United States,location,3,151
IN570,IN,570,Logansport,Logansport,,Indiana,"Logansport, Indiana",United States,location,27,151
IN580,IN,580,Madison,Madison,,Indiana,"Madison, Indiana",United States,location,3,152
IN590,IN,590,Marion,Marion,,Indiana,"Marion, Indiana",United States,location,2,152
IN595,IN,595,Martinsville,Martinsville,,Indiana,"Martinsville, Indiana",United States,location,1,152
IN600,IN,600,Merom,Merom,,Indiana,"Merom, Indiana",United States,location,1,152
IN605,IN,605,Merrillville,Merrillville,,Indiana,"Merrillville, Indiana",United States,location,1,152
IN610,IN,610,Michigan City,Michigan City,,Indiana,"Michigan City, Indiana",United States,location,8,152
IN650,IN,650,Mount Vernon,Mount Vernon,,Indiana,"Mount Vernon, Indiana",United States,location,4,153
IN660,IN,660,Muncie,Muncie,,Indiana,"Muncie, Indiana",United States,location,9,153
IN680,IN,680,New Albany,New Albany,,Indiana,"New Albany, Indiana",United States,location,7,153
IN685,IN,685,Newburgh,Newburgh,,Indiana,"Newburgh, Indiana",United States,location,2,153
IN690,IN,690,New Castle,New Castle,,Indiana,"New Castle, Indiana",United States,location,1,153
IN700,IN,700,New Harmony,New Harmony,,Indiana,"New Harmony, Indiana",United States,location,7,153
IN710,IN,710,Noblesville,Noblesville,,Indiana,"Noblesville, Indiana",United States,location,3,154
IN720,IN,720,North Vernon,North Vernon,,Indiana,"North Vernon, Indiana",United States,location,2,154
IN737,IN,737,Patoka,Patoka,,Indiana,"Patoka, Indiana",United States,location,1,154
IN740,IN,740,Peru,Peru,,Indiana,"Peru, Indiana",United States,location,1,154
IN750,IN,750,Petersburg,Petersburg,,Indiana,"Petersburg, Indiana",United States,location,1,154
IN780,IN,780,Princeton,Princeton,,Indiana,"Princeton, Indiana",United States,location,2,154
IN800,IN,800,Richmond,Richmond,,Indiana,"Richmond, Indiana",United States,location,1,154
IN820,IN,820,Rising Sun,Rising Sun,,Indiana,"Rising Sun, Indiana",United States,location,5,154
IN840,IN,840,Seymour,Seymour,,Indiana,"Seymour, Indiana",United States,location,2,155
IN850,IN,850,Shipshewana,Shipshewana,,Indiana,"Shipshewana, Indiana",United States,location,2,155
IN860,IN,860,South Bend,South Bend,,Indiana,"South Bend, Indiana",United States,location,11,155
IN890,IN,890,Terre Haute,Terre Haute,,Indiana,"Terre Haute, Indiana",United States,location,6,155
IN900,IN,900,Tipton,Tipton,,Indiana,"Tipton, Indiana",United States,location,1,155
IN925,IN,925,Versailles,Versailles,,Indiana,"Versailles, Indiana",United States,location,3,156
IN930,IN,930,Vincennes,Vincennes,,Indiana,"Vincennes, Indiana",United States,location,9,156
IN940,IN,940,Wabash,Wabash,,Indiana,"Wabash, Indiana",United States,location,1,156
IN950,IN,950,Warsaw,Warsaw,,Indiana,"Warsaw, Indiana",United States,location,7,156
IN960,IN,960,Washington,Washington,,Indiana,"Washington, Indiana",United States,location,3,156
IN980,IN,980,Whiting,Whiting,,Indiana,"Whiting, Indiana",United States,location,5,156
IN997,IN,997,Zone Checks,Zone Checks,,Indiana,"Zone Checks, Indiana",United States,category,4,157
IN998,IN,998,Patterns,Patterns,,Indiana,"Patterns, Indiana",United States,category,13,157
IN1000,IN,1000,Miscellaneous,Miscellaneous,,Indiana,"Miscellaneous, Indiana",United States,category,10,157
IA10,IA,10,Albia,Albia,,Iowa,"Albia, Iowa",United States,location,1,160
IA20,IA,20,Algona,Algona,,Iowa,"Algona, Iowa",United States,location,2,160
IA30,IA,30,Ames,Ames,,Iowa,"Ames, Iowa",United States,location,9,160
IA50,IA,50,Atlantic,Atlantic,,Iowa,"Atlantic, Iowa",United States,location,4,160
IA75,IA,75,Belmond,Belmond,,Iowa,"Belmond, Iowa",United States,location,1,160
IA77,IA,77,Bettendorf,Bettendorf,,Iowa,"Bettendorf, Iowa",United States,location,9,161
IA80,IA,80,Blencoe,Blencoe,,Iowa,"Blencoe, Iowa",United States,location,3,161
IA90,IA,90,Bloomfield,Bloomfield,,Iowa,"Bloomfield, Iowa",United States,location,2,161
IA100,IA,100,Boone,Boone,,Iowa,"Boone, Iowa",United States,location,2,161
IA110,IA,110,Burlington,Burlington,,Iowa,"Burlington, Iowa",United States,location,15,161
IA130,IA,130,Carroll,Carroll,,Iowa,"Carroll, Iowa",United States,location,4,162
IA150,IA,150,Cedar Rapids,Cedar Rapids,,Iowa,"Cedar Rapids, Iowa",United States,location,8,162
IA160,IA,160,Centerville,Centerville,,Iowa,"Centerville, Iowa",United States,location,6,162
IA170,IA,170,Chariton,Chariton,,Iowa,"Chariton, Iowa",United States,location,1,162
IA180,IA,180,Charles City,Charles City,,Iowa,"Charles City, Iowa",United States,location,4,162
IA230,IA,230,Clinton,Clinton,,Iowa,"Clinton, Iowa",United States,location,13,163
IA235,IA,235,Coralville,Coralville,,Iowa,"Coralville, Iowa",United States,location,14,163
IA240,IA,240,Council Bluffs,Council Bluffs,,Iowa,"Council Bluffs, Iowa",United States,location,6,163
IA270,IA,270,Davenport,Davenport,,Iowa,"Davenport, Iowa",United States,location,6,164
IA290,IA,290,Denison,Denison,,Iowa,"Denison, Iowa",United States,location,4,164
IA300,IA,300,Des Moines,Des Moines,,Iowa,"Des Moines, Iowa",United States,location,19,164
IA310,IA,310,Dubuque,Dubuque,,Iowa,"Dubuque, Iowa",United States,location,15,165
IA335,IA,335,Elkader,Elkader,,Iowa,"Elkader, Iowa",United States,location,1,165
IA340,IA,340,Emmetsburg,Emmetsburg,,Iowa,"Emmetsburg, Iowa",United States,location,2,165
IA370,IA,370,Forest City,Forest City,,Iowa,"Forest City, Iowa",United States,location,2,165
IA380,IA,380,Fort Dodge,Fort Dodge,,Iowa,"Fort Dodge, Iowa",United States,location,22,166
IA390,IA,390,Fort Madison,Fort Madison,,Iowa,"Fort Madison, Iowa",United States,location,4,166
IA450,IA,450,Humboldt,Humboldt,,Iowa,"Humboldt, Iowa",United States,location,2,166
IA480,IA,480,Iowa City,Iowa City,,Iowa,"Iowa City, Iowa",United States,location,3,167
IA485,IA,485,Iowa Falls,Iowa Falls,,Iowa,"Iowa Falls, Iowa",United States,location,1,167
IA510,IA,510,Keokuk,Keokuk,,Iowa,"Keokuk, Iowa",United States,location,5,167
IA550,IA,550,Leon,Leon,,Iowa,"Leon, Iowa",United States,location,1,167
IA555,IA,555,Lohrville,Lohrville,,Iowa,"Lohrville, Iowa",United States,location,2,167
IA560,IA,560,Lu Verne,Lu Verne,,Iowa,"Lu Verne, Iowa",United States,location,1,167
IA565,IA,565,Malvern,Malvern,,Iowa,"Malvern, Iowa",United States,location,1,167
IA570,IA,570,Manning,Manning,,Iowa,"Manning, Iowa",United States,location,2,167
IA575,IA,575,Marengo,Marengo,,Iowa,"Marengo, Iowa",United States,location,2,167
IA590,IA,590,Marshalltown,Marshalltown,,Iowa,"Marshalltown, Iowa",United States,location,3,167
IA600,IA,600,Mason City,Mason City,,Iowa,"Mason City, Iowa",United States,location,8,168
IA630,IA,630,Mount Vernon,Mount Vernon,,Iowa,"Mount Vernon, Iowa",United States,location,2,168
IA640,IA,640,Muscatine,Muscatine,,Iowa,"Muscatine, Iowa",United States,location,24,168
IA660,IA,660,Nevada,Nevada,,Iowa,"Nevada, Iowa",United States,location,4,169
IA700,IA,700,Oelwein,Oelwein,,Iowa,"Oelwein, Iowa",United States,location,1,169
IA705,IA,705,Orange City,Orange City,,Iowa,"Orange City, Iowa",United States,location,2,169
IA710,IA,710,Osage,Osage,,Iowa,"Osage, Iowa",United States,location,2,169
IA730,IA,730,Oskaloosa,Oskaloosa,,Iowa,"Oskaloosa, Iowa",United States,location,4,170
IA740,IA,740,Ottumwa,Ottumwa,,Iowa,"Ottumwa, Iowa",United States,location,12,170
IA770,IA,770,Rockford,Rockford,,Iowa,"Rockford, Iowa",United States,location,1,170
IA800,IA,800,Sac City,Sac City,,Iowa,"Sac City, Iowa",United States,location,3,170
IA830,IA,830,Shell Rock,Shell Rock,,Iowa,"Shell Rock, Iowa",United States,location,1,170
IA850,IA,850,Sioux City,Sioux City,,Iowa,"Sioux City, Iowa",United States,location,23,170
IA865,IA,865,Spirit Lake,Spirit Lake,,Iowa,"Spirit Lake, Iowa",United States,location,1,171
IA875,IA,875,Sumner,Sumner,,Iowa,"Sumner, Iowa",United States,location,1,171
IA880,IA,880,Tabor,Tabor,,Iowa,"Tabor, Iowa",United States,location,1,171
IA885,IA,885,Tama,Tama,,Iowa,"Tama, Iowa",United States,location,1,171
IA890,IA,890,Toledo,Toledo,,Iowa,"Toledo, Iowa",United States,location,2,171
IA910,IA,910,Vinton,Vinton,,Iowa,"Vinton, Iowa",United States,location,3,172
IA920,IA,920,Wall Lake,Wall Lake,,Iowa,"Wall Lake, Iowa",United States,location,1,172
IA930,IA,930,Waterloo,Waterloo,,Iowa,"Waterloo, Iowa",United States,location,15,172
IA950,IA,950,Webster City,Webster City,,Iowa,"Webster City, Iowa",United States,location,2,172
IA980,IA,980,West Union,West Union,,Iowa,"West Union, Iowa",United States,location,4,172
IA997,IA,997,Zone Checks,Zone Checks,,Iowa,"Zone Checks, Iowa",United States,category,2,173
IA998,IA,998,Patterns,Patterns,,Iowa,"Patterns, Iowa",United States,category,2,173
IA1000,IA,1000,Miscellaneous,Miscellaneous,,Iowa,"Miscellaneous, Iowa",United States,category,1,173
KS15,KS,15,Almena,Almena,,Kansas,"Almena, Kansas",United States,location,1,174
KS30,KS,30,Arkansas City,Arkansas City,,Kansas,"Arkansas City, Kansas",United States,location,3,174
KS40,KS,40,Atchison,Atchison,,Kansas,"Atchison, Kansas",United States,location,7,174
KS55,KS,55,Baldwin City,Baldwin City,,Kansas,"Baldwin City, Kansas",United States,location,1,174
KS70,KS,70,Baxter Springs,Baxter Springs,,Kansas,"Baxter Springs, Kansas",United States,location,1,174
KS77,KS,77,Belleville,Belleville,,Kansas,"Belleville, Kansas",United States,location,1,174
KS85,KS,85,Blue Rapids,Blue Rapids,,Kansas,"Blue Rapids, Kansas",United States,location,3,175
KS120,KS,120,Chanute,Chanute,,Kansas,"Chanute, Kansas",United States,location,1,175
KS130,KS,130,Cherryvale,Cherryvale,,Kansas,"Cherryvale, Kansas",United States,location,1,175
KS150,KS,150,Coffeyville,Coffeyville,,Kansas,"Coffeyville, Kansas",United States,location,5,175
KS160,KS,160,Colby,Colby,,Kansas,"Colby, Kansas",United States,location,1,175
KS185,KS,185,Cottonwood Falls,Cottonwood Falls,,Kansas,"Cottonwood Falls, Kansas",United States,location,1,175
KS250,KS,250,Emporia,Emporia,,Kansas,"Emporia, Kansas",United States,location,5,175
KS290,KS,290,Fort Scott,Fort Scott,,Kansas,"Fort Scott, Kansas",United States,location,1,176
KS320,KS,320,Garden City,Garden City,,Kansas,"Garden City, Kansas",United States,location,1,176
KS370,KS,370,Harper,Harper,,Kansas,"Harper, Kansas",United States,location,2,176
KS390,KS,390,Herington,Herington,,Kansas,"Herington, Kansas",United States,location,1,176
KS420,KS,420,Holton,Holton,,Kansas,"Holton, Kansas",United States,location,1,176
KS450,KS,450,Hutchinson,Hutchinson,,Kansas,"Hutchinson, Kansas",United States,location,12,176
KS460,KS,460,Independence,Independence,,Kansas,"Independence, Kansas",United States,location,2,176
KS480,KS,480,Junction City,Junction City,,Kansas,"Junction City, Kansas",United States,location,5,177
KS490,KS,490,Kansas City,Kansas City,,Kansas,"Kansas City, Kansas",United States,location,1,177
KS495,KS,495,Kansas Turnpikes,Kansas Turnpikes,,Kansas,"Kansas Turnpikes, Kansas",United States,location,2,177
KS540,KS,540,Lawrence,Lawrence,,Kansas,"Lawrence, Kansas",United States,location,6,177
KS550,KS,550,Leavenworth,Leavenworth,,Kansas,"Leavenworth, Kansas",United States,location,4,177
KS570,KS,570,Lincoln,Lincoln,,Kansas,"Lincoln, Kansas",United States,location,3,177
KS580,KS,580,Lindsborg,Lindsborg,,Kansas,"Lindsborg, Kansas",United States,location,1,177
KS585,KS,585,Logan,Logan,,Kansas,"Logan, Kansas",United States,location,1,178
KS590,KS,590,Lyons,Lyons,,Kansas,"Lyons, Kansas",United States,location,1,178
KS600,KS,600,Manhattan,Manhattan,,Kansas,"Manhattan, Kansas",United States,location,6,178
KS620,KS,620,Marion,Marion,,Kansas,"Marion, Kansas",United States,location,11,178
KS640,KS,640,McPherson,McPherson,,Kansas,"McPherson, Kansas",United States,location,7,179
KS680,KS,680,Neodesha,Neodesha,,Kansas,"Neodesha, Kansas",United States,location,12,179
KS690,KS,690,Newton,Newton,,Kansas,"Newton, Kansas",United States,location,3,180
KS700,KS,700,Norton,Norton,,Kansas,"Norton, Kansas",United States,location,2,180
KS740,KS,740,Osage,Osage,,Kansas,"Osage, Kansas",United States,location,1,180
KS770,KS,770,Oswego,Oswego,,Kansas,"Oswego, Kansas",United States,location,2,180
KS780,KS,780,Ottawa,Ottawa,,Kansas,"Ottawa, Kansas",United States,location,0,180
KS790,KS,790,Overland Park,Overland Park,,Kansas,"Overland Park, Kansas",United States,location,1,180
KS800,KS,800,Parsons,Parsons,,Kansas,"Parsons, Kansas",United States,location,2,181
KS820,KS,820,Pittsburg,Pittsburg,,Kansas,"Pittsburg, Kansas",United States,location,11,181
KS830,KS,830,Pratt,Pratt,,Kansas,"Pratt, Kansas",United States,location,6,181
KS880,KS,880,Salina,Salina,,Kansas,"Salina, Kansas",United States,location,2,181
KS900,KS,900,Sedan,Sedan,,Kansas,"Sedan, Kansas",United States,location,3,181
KS902,KS,902,Seneca,Seneca,,Kansas,"Seneca, Kansas",United States,location,1,181
KS905,KS,905,Stafford,Stafford,,Kansas,"Stafford, Kansas",United States,location,4,182
KS910,KS,910,Stockton,Stockton,,Kansas,"Stockton, Kansas",United States,location,1,182
KS940,KS,940,Topeka,Topeka,,Kansas,"Topeka, Kansas",United States,location,15,182
KS970,KS,970,Wichita,Wichita,,Kansas,"Wichita, Kansas",United States,location,15,183
KS980,KS,980,Winfield,Winfield,,Kansas,"Winfield, Kansas",United States,location,7,183
KS990,KS,990,Yates Center,Yates Center,,Kansas,"Yates Center, Kansas",United States,location,4,183
KS998,KS,998,Patterns,Patterns,,Kansas,"Patterns, Kansas",United States,category,3,184
KS1000,KS,1000,Miscellaneous,Miscellaneous,,Kansas,"Miscellaneous, Kansas",United States,category,4,184
KY10,KY,10,Ashland,Ashland,,Kentucky,"Ashland, Kentucky",United States,location,22,186
KY45,KY,45,Beech Grove,Beech Grove,,Kentucky,"Beech Grove, Kentucky",United States,location,3,186
KY80,KY,80,Bowling Green,Bowling Green,,Kentucky,"Bowling Green, Kentucky",United States,location,5,187
KY85,KY,85,Buechel,Buechel,,Kentucky,"Buechel, Kentucky",United States,location,6,187
KY90,KY,90,Calhoun,Calhoun,,Kentucky,"Calhoun, Kentucky",United States,location,1,187
KY100,KY,100,Carlisle,Carlisle,,Kentucky,"Carlisle, Kentucky",United States,location,7,187
KY120,KY,120,Catlettsburg,Catlettsburg,,Kentucky,"Catlettsburg, Kentucky",United States,location,1,187
KY135,KY,135,Cold Spring,Cold Spring,,Kentucky,"Cold Spring, Kentucky",United States,location,1,187
KY150,KY,150,Covington,Covington,,Kentucky,"Covington, Kentucky",United States,location,10,187
KY160,KY,160,Cumberland,Cumberland,,Kentucky,"Cumberland, Kentucky",United States,location,1,188
KY200,KY,200,Dayton,Dayton,,Kentucky,"Dayton, Kentucky",United States,location,1,188
KY250,KY,250,Erlanger,Erlanger,,Kentucky,"Erlanger, Kentucky",United States,location,6,188
KY260,KY,260,Fort Knox,Fort Knox,,Kentucky,"Fort Knox, Kentucky",United States,location,1,188
KY270,KY,270,Fort Thomas,Fort Thomas,,Kentucky,"Fort Thomas, Kentucky",United States,location,3,188
KY280,KY,280,Frankfort,Frankfort,,Kentucky,"Frankfort, Kentucky",United States,location,5,188
KY300,KY,300,Glasgow,Glasgow,,Kentucky,"Glasgow, Kentucky",United States,location,3,189
KY355,KY,355,Hawesville,Hawesville,,Kentucky,"Hawesville, Kentucky",United States,location,2,189
KY370,KY,370,Henderson,Henderson,,Kentucky,"Henderson, Kentucky",United States,location,13,189
KY465,KY,465,Lebanon,Lebanon,,Kentucky,"Lebanon, Kentucky",United States,location,1,189
KY480,KY,480,Lexington,Lexington,,Kentucky,"Lexington, Kentucky",United States,location,26,189
KY510,KY,510,Louisville,Louisville,,Kentucky,"Louisville, Kentucky",United States,location,77,190
KY520,KY,520,Ludlow,Ludlow,,Kentucky,"Ludlow, Kentucky",United States,location,2,192
KY530,KY,530,Madisonville,Madisonville,,Kentucky,"Madisonville, Kentucky",United States,location,1,192
KY550,KY,550,Mayfield,Mayfield,,Kentucky,"Mayfield, Kentucky",United States,location,2,192
KY560,KY,560,Maysville,Maysville,,Kentucky,"Maysville, Kentucky",United States,location,7,192
KY630,KY,630,Murray,Murray,,Kentucky,"Murray, Kentucky",United States,location,3,193
KY640,KY,640,Newport,Newport,,Kentucky,"Newport, Kentucky",United States,location,2,193
KY641,KY,641,Newport Civil War Tokens,Newport Civil War Tokens,,Kentucky,"Newport Civil War Tokens, Kentucky",United States,location,6,193
KY670,KY,670,Owensboro,Owensboro,,Kentucky,"Owensboro, Kentucky",United States,location,18,193
KY680,KY,680,Paducah,Paducah,,Kentucky,"Paducah, Kentucky",United States,location,27,194
KY710,KY,710,Pikeville,Pikeville,,Kentucky,"Pikeville, Kentucky",United States,location,2,195
KY800,KY,800,Scottsville,Scottsville,,Kentucky,"Scottsville, Kentucky",United States,location,1,195
KY845,KY,845,Spottsville,Spottsville,,Kentucky,"Spottsville, Kentucky",United States,location,1,195
KY950,KY,950,Warsaw,Warsaw,,Kentucky,"Warsaw, Kentucky",United States,location,1,195
KY970,KY,970,Winchester,Winchester,,Kentucky,"Winchester, Kentucky",United States,location,1,195
KY998,KY,998,Patterns,Patterns,,Kentucky,"Patterns, Kentucky",United States,category,14,195
KY1000,KY,1000,Miscellaneous,Miscellaneous,,Kentucky,"Miscellaneous, Kentucky",United States,category,1,196
LA30,LA,30,Algiers,Algiers,,Louisiana,"Algiers, Louisiana",United States,location,6,198
LA80,LA,80,Baton Rouge,Baton Rouge,,Louisiana,"Baton Rouge, Louisiana",United States,location,6,198
LA100,LA,100,Bogalusa,Bogalusa,,Louisiana,"Bogalusa, Louisiana",United States,location,1,198
LA120,LA,120,Bossier City,Bossier City,,Louisiana,"Bossier City, Louisiana",United States,location,3,198
LA150,LA,150,Church Point,Church Point,,Louisiana,"Church Point, Louisiana",United States,location,1,198
LA226,LA,226,Easton,Easton,,Louisiana,"Easton, Louisiana",United States,location,1,198
LA240,LA,240,Eunice,Eunice,,Louisiana,"Eunice, Louisiana",United States,location,1,198
LA300,LA,300,Gretna,Gretna,,Louisiana,"Gretna, Louisiana",United States,location,1,199
LA470,LA,470,Lafayette,Lafayette,,Louisiana,"Lafayette, Louisiana",United States,location,5,199
LA490,LA,490,Lake Charles,Lake Charles,,Louisiana,"Lake Charles, Louisiana",United States,location,1,199
LA520,LA,520,Leesville,Leesville,,Louisiana,"Leesville, Louisiana",United States,location,1,199
LA600,LA,600,Metairie,Metairie,,Louisiana,"Metairie, Louisiana",United States,location,3,199
LA620,LA,620,Monroe,Monroe,,Louisiana,"Monroe, Louisiana",United States,location,3,199
LA640,LA,640,Napoleonville,Napoleonville,,Louisiana,"Napoleonville, Louisiana",United States,location,1,199
LA670,LA,670,New Orleans,New Orleans,,Louisiana,"New Orleans, Louisiana",United States,location,16,199
LA680,LA,680,Norco,Norco,,Louisiana,"Norco, Louisiana",United States,location,1,200
LA710,LA,710,Opelousas,Opelousas,,Louisiana,"Opelousas, Louisiana",United States,location,1,200
LA730,LA,730,Pineville,Pineville,,Louisiana,"Pineville, Louisiana",United States,location,1,200
LA790,LA,790,Scotlandville,Scotlandville,,Louisiana,"Scotlandville, Louisiana",United States,location,2,200
LA810,LA,810,Shreveport,Shreveport,,Louisiana,"Shreveport, Louisiana",United States,location,11,201
LA1000,LA,1000,Miscellaneous,Miscellaneous,,Louisiana,"Miscellaneous, Louisiana",United States,category,8,201
ME40,ME,40,Augusta,Augusta,,Maine,"Augusta, Maine",United States,location,2,204
ME70,ME,70,Bar Harbor,Bar Harbor,,Maine,"Bar Harbor, Maine",United States,location,2,204
ME80,ME,80,Bath,Bath,,Maine,"Bath, Maine",United States,location,1,204
ME200,ME,200,Biddeford,Biddeford,,Maine,"Biddeford, Maine",United States,location,10,204
ME460,ME,460,Kennebunkport,Kennebunkport,,Maine,"Kennebunkport, Maine",United States,location,1,205
ME470,ME,470,Kittery,Kittery,,Maine,"Kittery, Maine",United States,location,1,205
ME480,ME,480,Lewiston,Lewiston,,Maine,"Lewiston, Maine",United States,location,5,205
ME550,ME,550,Madawaska,Madawaska,,Maine,"Madawaska, Maine",United States,location,1,206
ME655,ME,655,Ogunquit,Ogunquit,,Maine,"Ogunquit, Maine",United States,location,3,206
ME710,ME,710,Portland,Portland,,Maine,"Portland, Maine",United States,location,3,206
ME740,ME,740,Rockland,Rockland,,Maine,"Rockland, Maine",United States,location,1,206
ME800,ME,800,Sanford,Sanford,,Maine,"Sanford, Maine",United States,location,3,206
ME930,ME,930,Waterville,Waterville,,Maine,"Waterville, Maine",United States,location,1,206
ME990,ME,990,York,York,,Maine,"York, Maine",United States,location,1,206
ME998,ME,998,Patterns,Patterns,,Maine,"Patterns, Maine",United States,category,1,206
ME1000,ME,1000,Miscellaneous,Miscellaneous,,Maine,"Miscellaneous, Maine",United States,category,5,206
MD40,MD,40,Annapolis,Annapolis,,Maryland,"Annapolis, Maryland",United States,location,7,208
MD60,MD,60,Baltimore,Baltimore,,Maryland,"Baltimore, Maryland",United States,location,53,208
MD210,MD,210,Cabin John,Cabin John,,Maryland,"Cabin John, Maryland",United States,location,2,210
MD300,MD,300,Chevy Chase,Chevy Chase,,Maryland,"Chevy Chase, Maryland",United States,location,1,210
MD380,MD,380,Cumberland,Cumberland,,Maryland,"Cumberland, Maryland",United States,location,4,210
MD520,MD,520,Frederick,Frederick,,Maryland,"Frederick, Maryland",United States,location,3,210
MD550,MD,550,Glen Burnie,Glen Burnie,,Maryland,"Glen Burnie, Maryland",United States,location,3,210
MD560,MD,560,Hagerstown,Hagerstown,,Maryland,"Hagerstown, Maryland",United States,location,5,210
MD580,MD,580,Havre de Grace,Havre de Grace,,Maryland,"Havre de Grace, Maryland",United States,location,1,211
MD600,MD,600,Hyattsville,Hyattsville,,Maryland,"Hyattsville, Maryland",United States,location,3,211
MD620,MD,620,Laurel,Laurel,,Maryland,"Laurel, Maryland",United States,location,6,211
MD670,MD,670,Maryland State Highways,Maryland State Highways,,Maryland,"Maryland State Highways, Maryland",United States,location,10,211
MD770,MD,770,Port Deposit,Port Deposit,,Maryland,"Port Deposit, Maryland",United States,location,1,212
MD815,MD,815,Rock Hall,Rock Hall,,Maryland,"Rock Hall, Maryland",United States,location,1,212
MD820,MD,820,Rockville,Rockville,,Maryland,"Rockville, Maryland",United States,location,3,212
MD840,MD,840,Salisbury,Salisbury,,Maryland,"Salisbury, Maryland",United States,location,6,212
MD940,MD,940,Towson,Towson,,Maryland,"Towson, Maryland",United States,location,4,212
MD998,MD,998,Patterns,Patterns,,Maryland,"Patterns, Maryland",United States,category,8,213
MD1000,MD,1000,Miscellaneous,Miscellaneous,,Maryland,"Miscellaneous, Maryland",United States,category,1,213
MA45,MA,45,Athol,Athol,,Massachusetts,"Athol, Massachusetts",United States,location,2,214
MA50,MA,50,Attleboro,Attleboro,,Massachusetts,"Attleboro, Massachusetts",United States,location,2,214
MA115,MA,115,Boston,Boston,,Massachusetts,"Boston, Massachusetts",United States,location,38,214
MA135,MA,135,Brockton,Brockton,,Massachusetts,"Brockton, Massachusetts",United States,location,4,215
MA145,MA,145,Cambridge,Cambridge,,Massachusetts,"Cambridge, Massachusetts",United States,location,4,216
MA210,MA,210,Dedham,Dedham,,Massachusetts,"Dedham, Massachusetts",United States,location,2,216
MA215,MA,215,Dennis,Dennis,,Massachusetts,"Dennis, Massachusetts",United States,location,1,216
MA235,MA,235,East Northfield,East Northfield,,Massachusetts,"East Northfield, Massachusetts",United States,location,1,216
MA245,MA,245,Edgartown,Edgartown,,Massachusetts,"Edgartown, Massachusetts",United States,location,4,216
MA260,MA,260,Fall River,Fall River,,Massachusetts,"Fall River, Massachusetts",United States,location,4,216
MA270,MA,270,Fitchburg,Fitchburg,,Massachusetts,"Fitchburg, Massachusetts",United States,location,2,216
MA275,MA,275,Framingham,Framingham,,Massachusetts,"Framingham, Massachusetts",United States,location,5,217
MA295,MA,295,Great Barrington,Great Barrington,,Massachusetts,"Great Barrington, Massachusetts",United States,location,1,217
MA305,MA,305,Greenfield,Greenfield,,Massachusetts,"Greenfield, Massachusetts",United States,location,5,217
MA355,MA,355,Holyoke,Holyoke,,Massachusetts,"Holyoke, Massachusetts",United States,location,4,217
MA430,MA,430,Lowell,Lowell,,Massachusetts,"Lowell, Massachusetts",United States,location,4,217
MA445,MA,445,Malden,Malden,,Massachusetts,"Malden, Massachusetts",United States,location,1,217
MA505,MA,505,Milford,Milford,,Massachusetts,"Milford, Massachusetts",United States,location,2,218
MA540,MA,540,Natick,Natick,,Massachusetts,"Natick, Massachusetts",United States,location,3,218
MA545,MA,545,Needham,Needham,,Massachusetts,"Needham, Massachusetts",United States,location,2,218
MA550,MA,550,New Bedford,New Bedford,,Massachusetts,"New Bedford, Massachusetts",United States,location,18,218
MA630,MA,630,Palmer,Palmer,,Massachusetts,"Palmer, Massachusetts",United States,location,6,219
MA645,MA,645,Pittsfield,Pittsfield,,Massachusetts,"Pittsfield, Massachusetts",United States,location,3,219
MA650,MA,650,Plymouth,Plymouth,,Massachusetts,"Plymouth, Massachusetts",United States,location,1,219
MA660,MA,660,Quincy,Quincy,,Massachusetts,"Quincy, Massachusetts",United States,location,10,219
MA690,MA,690,Salem,Salem,,Massachusetts,"Salem, Massachusetts",United States,location,1,219
MA695,MA,695,Saugus,Saugus,,Massachusetts,"Saugus, Massachusetts",United States,location,1,219
MA735,MA,735,South Lee,South Lee,,Massachusetts,"South Lee, Massachusetts",United States,location,1,220
MA740,MA,740,South Weymouth,South Weymouth,,Massachusetts,"South Weymouth, Massachusetts",United States,location,1,220
MA752,MA,752,Southwick,Southwick,,Massachusetts,"Southwick, Massachusetts",United States,location,1,220
MA760,MA,760,Springfield,Springfield,,Massachusetts,"Springfield, Massachusetts",United States,location,8,220
MA825,MA,825,Waltham,Waltham,,Massachusetts,"Waltham, Massachusetts",United States,location,1,220
MA880,MA,880,Westfield,Westfield,,Massachusetts,"Westfield, Massachusetts",United States,location,2,220
MA930,MA,930,Whitman,Whitman,,Massachusetts,"Whitman, Massachusetts",United States,location,1,220
MA970,MA,970,Worcester,Worcester,,Massachusetts,"Worcester, Massachusetts",United States,location,4,220
MA997,MA,997,Zone Checks,Zone Checks,,Massachusetts,"Zone Checks, Massachusetts",United States,category,5,220
MA998,MA,998,Patterns,Patterns,,Massachusetts,"Patterns, Massachusetts",United States,category,19,221
MA1000,MA,1000,Miscellaneous,Miscellaneous,,Massachusetts,"Miscellaneous, Massachusetts",United States,category,3,221
MI5,MI,5,Adrian,Adrian,,Michigan,"Adrian, Michigan",United States,location,19,224
MI20,MI,20,Algonac,Algonac,,Michigan,"Algonac, Michigan",United States,location,7,224
MI30,MI,30,Alma,Alma,,Michigan,"Alma, Michigan",United States,location,2,224
MI40,MI,40,Ann Arbor,Ann Arbor,,Michigan,"Ann Arbor, Michigan",United States,location,8,225
MI50,MI,50,Baldwin,Baldwin,,Michigan,"Baldwin, Michigan",United States,location,2,225
MI53,MI,53,Bangor,Bangor,,Michigan,"Bangor, Michigan",United States,location,1,225
MI55,MI,55,Baraga,Baraga,,Michigan,"Baraga, Michigan",United States,location,2,225
MI60,MI,60,Battle Creek,Battle Creek,,Michigan,"Battle Creek, Michigan",United States,location,7,225
MI65,MI,65,Bay City,Bay City,,Michigan,"Bay City, Michigan",United States,location,10,225
MI68,MI,68,Belding,Belding,,Michigan,"Belding, Michigan",United States,location,5,226
MI70,MI,70,Bellaire,Bellaire,,Michigan,"Bellaire, Michigan",United States,location,3,226
MI75,MI,75,Benton Harbor,Benton Harbor,,Michigan,"Benton Harbor, Michigan",United States,location,20,226
MI80,MI,80,Berkley,Berkley,,Michigan,"Berkley, Michigan",United States,location,1,227
MI125,MI,125,Cadillac,Cadillac,,Michigan,"Cadillac, Michigan",United States,location,2,227
MI135,MI,135,Caro,Caro,,Michigan,"Caro, Michigan",United States,location,7,227
MI165,MI,165,Charlotte,Charlotte,,Michigan,"Charlotte, Michigan",United States,location,7,227
MI170,MI,170,Cheboygan,Cheboygan,,Michigan,"Cheboygan, Michigan",United States,location,4,228
MI200,MI,200,Coldwater,Coldwater,,Michigan,"Coldwater, Michigan",United States,location,1,228
MI215,MI,215,Dearborn,Dearborn,,Michigan,"Dearborn, Michigan",United States,location,2,228
MI225,MI,225,Detroit,Detroit,,Michigan,"Detroit, Michigan",United States,location,20,228
MI265,MI,265,East Lansing,East Lansing,,Michigan,"East Lansing, Michigan",United States,location,3,229
MI270,MI,270,East Tawas,East Tawas,,Michigan,"East Tawas, Michigan",United States,location,3,229
MI285,MI,285,Escanaba,Escanaba,,Michigan,"Escanaba, Michigan",United States,location,16,229
MI315,MI,315,Flint,Flint,,Michigan,"Flint, Michigan",United States,location,5,230
MI345,MI,345,Gaylord,Gaylord,,Michigan,"Gaylord, Michigan",United States,location,6,230
MI350,MI,350,Gibraltar,Gibraltar,,Michigan,"Gibraltar, Michigan",United States,location,1,230
MI360,MI,360,Grand Haven,Grand Haven,,Michigan,"Grand Haven, Michigan",United States,location,15,230
MI370,MI,370,Grand Rapids,Grand Rapids,,Michigan,"Grand Rapids, Michigan",United States,location,18,231
MI375,MI,375,Grandville,Grandville,,Michigan,"Grandville, Michigan",United States,location,4,232
MI380,MI,380,Grayling,Grayling,,Michigan,"Grayling, Michigan",United States,location,1,232
MI390,MI,390,Greenville,Greenville,,Michigan,"Greenville, Michigan",United States,location,6,232
MI395,MI,395,Grosse Ile,Grosse Ile,,Michigan,"Grosse Ile, Michigan",United States,location,6,232
MI455,MI,455,Hillsdale,Hillsdale,,Michigan,"Hillsdale, Michigan",United States,location,3,233
MI460,MI,460,Holland,Holland,,Michigan,"Holland, Michigan",United States,location,1,233
MI470,MI,470,Houghton,Houghton,,Michigan,"Houghton, Michigan",United States,location,5,233
MI475,MI,475,Howell,Howell,,Michigan,"Howell, Michigan",United States,location,7,233
MI495,MI,495,Ionia,Ionia,,Michigan,"Ionia, Michigan",United States,location,10,234
MI500,MI,500,Iron Mountain,Iron Mountain,,Michigan,"Iron Mountain, Michigan",United States,location,2,234
MI510,MI,510,Ironwood,Ironwood,,Michigan,"Ironwood, Michigan",United States,location,3,234
MI515,MI,515,Ishpeming,Ishpeming,,Michigan,"Ishpeming, Michigan",United States,location,3,234
MI525,MI,525,Jackson,Jackson,,Michigan,"Jackson, Michigan",United States,location,15,235
MI530,MI,530,Kalamazoo,Kalamazoo,,Michigan,"Kalamazoo, Michigan",United States,location,23,235
MI535,MI,535,Kalkaska,Kalkaska,,Michigan,"Kalkaska, Michigan",United States,location,7,236
MI540,MI,540,Lake Linden,Lake Linden,,Michigan,"Lake Linden, Michigan",United States,location,3,236
MI560,MI,560,Lansing,Lansing,,Michigan,"Lansing, Michigan",United States,location,35,237
MI565,MI,565,Lapeer,Lapeer,,Michigan,"Lapeer, Michigan",United States,location,4,238
MI573,MI,573,Lincoln Park,Lincoln Park,,Michigan,"Lincoln Park, Michigan",United States,location,1,238
MI585,MI,585,Ludington,Ludington,,Michigan,"Ludington, Michigan",United States,location,8,238
MI588,MI,588,Manchester,Manchester,,Michigan,"Manchester, Michigan",United States,location,1,238
MI590,MI,590,Manistee,Manistee,,Michigan,"Manistee, Michigan",United States,location,4,238
MI595,MI,595,Manistique,Manistique,,Michigan,"Manistique, Michigan",United States,location,5,239
MI605,MI,605,Marquette,Marquette,,Michigan,"Marquette, Michigan",United States,location,16,239
MI610,MI,610,Marshall,Marshall,,Michigan,"Marshall, Michigan",United States,location,13,239
MI630,MI,630,Menominee,Menominee,,Michigan,"Menominee, Michigan",United States,location,4,240
MI635,MI,635,Midland,Midland,,Michigan,"Midland, Michigan",United States,location,2,240
MI650,MI,650,Monroe,Monroe,,Michigan,"Monroe, Michigan",United States,location,2,240
MI670,MI,670,Mount Pleasant,Mount Pleasant,,Michigan,"Mount Pleasant, Michigan",United States,location,7,240
MI680,MI,680,Muskegon,Muskegon,,Michigan,"Muskegon, Michigan",United States,location,22,240
MI700,MI,700,Niles,Niles,,Michigan,"Niles, Michigan",United States,location,2,241
MI735,MI,735,Owosso,Owosso,,Michigan,"Owosso, Michigan",United States,location,6,241
MI750,MI,750,Petoskey,Petoskey,,Michigan,"Petoskey, Michigan",United States,location,3,241
MI765,MI,765,Plymouth,Plymouth,,Michigan,"Plymouth, Michigan",United States,location,1,242
MI770,MI,770,Pontiac,Pontiac,,Michigan,"Pontiac, Michigan",United States,location,6,242
MI773,MI,773,Portage,Portage,,Michigan,"Portage, Michigan",United States,location,1,242
MI775,MI,775,Port Huron,Port Huron,,Michigan,"Port Huron, Michigan",United States,location,7,242
MI785,MI,785,Prudenville,Prudenville,,Michigan,"Prudenville, Michigan",United States,location,10,242
MI840,MI,840,Royal Oak,Royal Oak,,Michigan,"Royal Oak, Michigan",United States,location,3,243
MI845,MI,845,Saginaw,Saginaw,,Michigan,"Saginaw, Michigan",United States,location,26,243
MI860,MI,860,St. Ignace,St. Ignace,,Michigan,"St. Ignace, Michigan",United States,location,14,244
MI870,MI,870,St. Joseph,St. Joseph,,Michigan,"St. Joseph, Michigan",United States,location,26,244
MI880,MI,880,Saugatuck,Saugatuck,,Michigan,"Saugatuck, Michigan",United States,location,2,246
MI885,MI,885,Sault Ste. Marie,Sault Ste. Marie,,Michigan,"Sault Ste. Marie, Michigan",United States,location,4,246
MI918,MI,918,Taylor,Taylor,,Michigan,"Taylor, Michigan",United States,location,1,246
MI930,MI,930,Traverse City,Traverse City,,Michigan,"Traverse City, Michigan",United States,location,4,246
MI945,MI,945,Vassar,Vassar,,Michigan,"Vassar, Michigan",United States,location,1,246
MI980,MI,980,Wyandotte,Wyandotte,,Michigan,"Wyandotte, Michigan",United States,location,1,246
MI997,MI,997,Zone Checks,Zone Checks,,Michigan,"Zone Checks, Michigan",United States,category,1,246
MI998,MI,998,Patterns,Patterns,,Michigan,"Patterns, Michigan",United States,category,18,246
MI999,MI,999,Passes,Passes,,Michigan,"Passes, Michigan",United States,category,5,247
MI1000,MI,1000,Miscellaneous,Miscellaneous,,Michigan,"Miscellaneous, Michigan",United States,category,7,247
MN30,MN,30,Albert Lea,Albert Lea,,Minnesota,"Albert Lea, Minnesota",United States,location,13,250
MN40,MN,40,Alexandria,Alexandria,,Minnesota,"Alexandria, Minnesota",United States,location,2,250
MN50,MN,50,Anoka,Anoka,,Minnesota,"Anoka, Minnesota",United States,location,20,250
MN60,MN,60,Appleton,Appleton,,Minnesota,"Appleton, Minnesota",United States,location,3,251
MN65,MN,65,Apple Valley,Apple Valley,,Minnesota,"Apple Valley, Minnesota",United States,location,3,251
MN67,MN,67,Arlington,Arlington,,Minnesota,"Arlington, Minnesota",United States,location,4,251
MN70,MN,70,Austin,Austin,,Minnesota,"Austin, Minnesota",United States,location,13,252
MN80,MN,80,Babbitt,Babbitt,,Minnesota,"Babbitt, Minnesota",United States,location,1,252
MN90,MN,90,Bemidji,Bemidji,,Minnesota,"Bemidji, Minnesota",United States,location,3,252
MN100,MN,100,Benson,Benson,,Minnesota,"Benson, Minnesota",United States,location,8,253
MN105,MN,105,Bloomington,Bloomington,,Minnesota,"Bloomington, Minnesota",United States,location,2,253
MN110,MN,110,Blue Earth,Blue Earth,,Minnesota,"Blue Earth, Minnesota",United States,location,5,253
MN120,MN,120,Brainerd,Brainerd,,Minnesota,"Brainerd, Minnesota",United States,location,5,253
MN140,MN,140,Butterfield,Butterfield,,Minnesota,"Butterfield, Minnesota",United States,location,1,253
MN148,MN,148,Cambridge,Cambridge,,Minnesota,"Cambridge, Minnesota",United States,location,21,253
MN150,MN,150,Canby,Canby,,Minnesota,"Canby, Minnesota",United States,location,1,254
MN177,MN,177,Cold Spring,Cold Spring,,Minnesota,"Cold Spring, Minnesota",United States,location,1,254
MN180,MN,180,Columbia Heights,Columbia Heights,,Minnesota,"Columbia Heights, Minnesota",United States,location,2,254
MN190,MN,190,Crookston,Crookston,,Minnesota,"Crookston, Minnesota",United States,location,3,255
MN210,MN,210,Crystal,Crystal,,Minnesota,"Crystal, Minnesota",United States,location,3,255
MN213,MN,213,Dawson,Dawson,,Minnesota,"Dawson, Minnesota",United States,location,3,255
MN230,MN,230,Duluth,Duluth,,Minnesota,"Duluth, Minnesota",United States,location,18,255
MN245,MN,245,East St. Paul,East St. Paul,,Minnesota,"East St. Paul, Minnesota",United States,location,1,256
MN255,MN,255,Eden Prairie,Eden Prairie,,Minnesota,"Eden Prairie, Minnesota",United States,location,1,256
MN260,MN,260,Ely,Ely,,Minnesota,"Ely, Minnesota",United States,location,1,256
MN280,MN,280,Fairmont,Fairmont,,Minnesota,"Fairmont, Minnesota",United States,location,9,256
MN290,MN,290,Faribault,Faribault,,Minnesota,"Faribault, Minnesota",United States,location,4,256
MN300,MN,300,Fergus Falls,Fergus Falls,,Minnesota,"Fergus Falls, Minnesota",United States,location,2,257
MN305,MN,305,Fosston,Fosston,,Minnesota,"Fosston, Minnesota",United States,location,1,257
MN360,MN,360,Hampton,Hampton,,Minnesota,"Hampton, Minnesota",United States,location,2,257
MN370,MN,370,Hastings,Hastings,,Minnesota,"Hastings, Minnesota",United States,location,3,257
MN380,MN,380,Hibbing,Hibbing,,Minnesota,"Hibbing, Minnesota",United States,location,3,257
MN400,MN,400,Hutchinson,Hutchinson,,Minnesota,"Hutchinson, Minnesota",United States,location,1,257
MN410,MN,410,International Falls,International Falls,,Minnesota,"International Falls, Minnesota",United States,location,4,257
MN415,MN,415,Isle,Isle,,Minnesota,"Isle, Minnesota",United States,location,1,257
MN425,MN,425,Lake City,Lake City,,Minnesota,"Lake City, Minnesota",United States,location,1,258
MN430,MN,430,Lakeville,Lakeville,,Minnesota,"Lakeville, Minnesota",United States,location,1,258
MN450,MN,450,Litchfield,Litchfield,,Minnesota,"Litchfield, Minnesota",United States,location,2,258
MN460,MN,460,Little Falls,Little Falls,,Minnesota,"Little Falls, Minnesota",United States,location,6,258
MN480,MN,480,Luverne,Luverne,,Minnesota,"Luverne, Minnesota",United States,location,8,258
MN490,MN,490,Madelia,Madelia,,Minnesota,"Madelia, Minnesota",United States,location,1,258
MN500,MN,500,Madison,Madison,,Minnesota,"Madison, Minnesota",United States,location,2,258
MN510,MN,510,Mankato,Mankato,,Minnesota,"Mankato, Minnesota",United States,location,9,258
MN520,MN,520,Maplewood,Maplewood,,Minnesota,"Maplewood, Minnesota",United States,location,3,259
MN535,MN,535,Milaca,Milaca,,Minnesota,"Milaca, Minnesota",United States,location,6,259
MN540,MN,540,Minneapolis,Minneapolis,,Minnesota,"Minneapolis, Minnesota",United States,location,38,259
MN550,MN,550,Montevideo,Montevideo,,Minnesota,"Montevideo, Minnesota",United States,location,1,260
MN560,MN,560,Moorhead,Moorhead,,Minnesota,"Moorhead, Minnesota",United States,location,4,261
MN575,MN,575,Mound,Mound,,Minnesota,"Mound, Minnesota",United States,location,1,261
MN590,MN,590,New Ulm,New Ulm,,Minnesota,"New Ulm, Minnesota",United States,location,4,261
MN600,MN,600,Northfield,Northfield,,Minnesota,"Northfield, Minnesota",United States,location,5,261
MN620,MN,620,North St. Paul,North St. Paul,,Minnesota,"North St. Paul, Minnesota",United States,location,3,261
MN622,MN,622,Norwood,Norwood,,Minnesota,"Norwood, Minnesota",United States,location,1,261
MN625,MN,625,Olivia,Olivia,,Minnesota,"Olivia, Minnesota",United States,location,1,261
MN630,MN,630,Ortonville,Ortonville,,Minnesota,"Ortonville, Minnesota",United States,location,2,261
MN640,MN,640,Owatonna,Owatonna,,Minnesota,"Owatonna, Minnesota",United States,location,1,262
MN660,MN,660,Pipestone,Pipestone,,Minnesota,"Pipestone, Minnesota",United States,location,8,262
MN665,MN,665,Plainview,Plainview,,Minnesota,"Plainview, Minnesota",United States,location,5,262
MN680,MN,680,Red Wing,Red Wing,,Minnesota,"Red Wing, Minnesota",United States,location,10,262
MN720,MN,720,Rochester,Rochester,,Minnesota,"Rochester, Minnesota",United States,location,4,263
MN730,MN,730,St. Cloud,St. Cloud,,Minnesota,"St. Cloud, Minnesota",United States,location,17,263
MN740,MN,740,St. James,St. James,,Minnesota,"St. James, Minnesota",United States,location,4,263
MN760,MN,760,St. Paul,St. Paul,,Minnesota,"St. Paul, Minnesota",United States,location,12,264
MN765,MN,765,St. Paul Park,St. Paul Park,,Minnesota,"St. Paul Park, Minnesota",United States,location,10,264
MN770,MN,770,Saint Peter,Saint Peter,,Minnesota,"Saint Peter, Minnesota",United States,location,1,264
MN775,MN,775,Sandstone,Sandstone,,Minnesota,"Sandstone, Minnesota",United States,location,1,264
MN780,MN,780,Sauk Centre,Sauk Centre,,Minnesota,"Sauk Centre, Minnesota",United States,location,1,265
MN790,MN,790,Sauk Rapids,Sauk Rapids,,Minnesota,"Sauk Rapids, Minnesota",United States,location,3,265
MN820,MN,820,South St. Paul,South St. Paul,,Minnesota,"South St. Paul, Minnesota",United States,location,6,265
MN855,MN,855,Stewartville,Stewartville,,Minnesota,"Stewartville, Minnesota",United States,location,3,265
MN860,MN,860,Stillwater,Stillwater,,Minnesota,"Stillwater, Minnesota",United States,location,2,265
MN900,MN,900,Virginia,Virginia,,Minnesota,"Virginia, Minnesota",United States,location,11,265
MN960,MN,960,Willmar,Willmar,,Minnesota,"Willmar, Minnesota",United States,location,7,266
MN965,MN,965,Windom,Windom,,Minnesota,"Windom, Minnesota",United States,location,1,266
MN970,MN,970,Winnebago City,Winnebago City,,Minnesota,"Winnebago City, Minnesota",United States,location,2,266
MN980,MN,980,Winona,Winona,,Minnesota,"Winona, Minnesota",United States,location,14,266
MN985,MN,985,Worthington,Worthington,,Minnesota,"Worthington, Minnesota",United States,location,4,267
MN998,MN,998,Patterns,Patterns,,Minnesota,"Patterns, Minnesota",United States,category,16,267
MN999,MN,999,Passes,Passes,,Minnesota,"Passes, Minnesota",United States,category,1,267
MN1000,MN,1000,Miscellaneous,Miscellaneous,,Minnesota,"Miscellaneous, Minnesota",United States,category,5,268
MS260,MS,260,Durant,Durant,,Mississippi,"Durant, Mississippi",United States,location,1,270
MS320,MS,320,Greenville,Greenville,,Mississippi,"Greenville, Mississippi",United States,location,5,270
MS350,MS,350,Gulfport,Gulfport,,Mississippi,"Gulfport, Mississippi",United States,location,2,270
MS360,MS,360,Hattiesburg,Hattiesburg,,Mississippi,"Hattiesburg, Mississippi",United States,location,1,270
MS460,MS,460,Jackson,Jackson,,Mississippi,"Jackson, Mississippi",United States,location,17,270
MS500,MS,500,Laurel,Laurel,,Mississippi,"Laurel, Mississippi",United States,location,3,271
MS620,MS,620,Meridian,Meridian,,Mississippi,"Meridian, Mississippi",United States,location,2,271
MS660,MS,660,Natchez,Natchez,,Mississippi,"Natchez, Mississippi",United States,location,3,271
MS700,MS,700,Oxford,Oxford,,Mississippi,"Oxford, Mississippi",United States,location,1,271
MS720,MS,720,Pascagoula,Pascagoula,,Mississippi,"Pascagoula, Mississippi",United States,location,7,271
MS900,MS,900,Vicksburg,Vicksburg,,Mississippi,"Vicksburg, Mississippi",United States,location,12,271
MS980,MS,980,Yazoo City,Yazoo City,,Mississippi,"Yazoo City, Mississippi",United States,location,1,272
MS998,MS,998,Patterns,Patterns,,Mississippi,"Patterns, Mississippi",United States,category,2,272
MO10,MO,10,Albany,Albany,,Missouri,"Albany, Missouri",United States,location,3,274
MO25,MO,25,Bagnell,Bagnell,,Missouri,"Bagnell, Missouri",United States,location,1,274
MO30,MO,30,Bellefontaine Neighbors,Bellefontaine Neighbors,,Missouri,"Bellefontaine Neighbors, Missouri",United States,location,1,274
MO35,MO,35,Belmont,Belmont,,Missouri,"Belmont, Missouri",United States,location,1,274
MO40,MO,40,Bethany,Bethany,,Missouri,"Bethany, Missouri",United States,location,1,274
MO70,MO,70,Boonville,Boonville,,Missouri,"Boonville, Missouri",United States,location,7,274
MO75,MO,75,Bowling Green,Bowling Green,,Missouri,"Bowling Green, Missouri",United States,location,1,275
MO130,MO,130,Canton,Canton,,Missouri,"Canton, Missouri",United States,location,3,275
MO140,MO,140,Cape Girardeau,Cape Girardeau,,Missouri,"Cape Girardeau, Missouri",United States,location,5,275
MO160,MO,160,Carthage,Carthage,,Missouri,"Carthage, Missouri",United States,location,3,275
MO190,MO,190,Charleston,Charleston,,Missouri,"Charleston, Missouri",United States,location,2,275
MO195,MO,195,Chesterfield,Chesterfield,,Missouri,"Chesterfield, Missouri",United States,location,1,275
MO200,MO,200,Chillicothe,Chillicothe,,Missouri,"Chillicothe, Missouri",United States,location,7,275
MO230,MO,230,Columbia,Columbia,,Missouri,"Columbia, Missouri",United States,location,2,276
MO255,MO,255,DeWitt,DeWitt,,Missouri,"DeWitt, Missouri",United States,location,1,276
MO330,MO,330,Forsyth,Forsyth,,Missouri,"Forsyth, Missouri",United States,location,3,276
MO335,MO,335,Fort Leonard Wood,Fort Leonard Wood,,Missouri,"Fort Leonard Wood, Missouri",United States,location,1,276
MO350,MO,350,Fulton,Fulton,,Missouri,"Fulton, Missouri",United States,location,5,276
MO355,MO,355,Gallatin,Gallatin,,Missouri,"Gallatin, Missouri",United States,location,1,276
MO360,MO,360,Galt,Galt,,Missouri,"Galt, Missouri",United States,location,1,276
MO370,MO,370,Hannibal,Hannibal,,Missouri,"Hannibal, Missouri",United States,location,13,276
MO380,MO,380,Huntsville,Huntsville,,Missouri,"Huntsville, Missouri",United States,location,1,277
MO420,MO,420,Jefferson City,Jefferson City,,Missouri,"Jefferson City, Missouri",United States,location,9,277
MO430,MO,430,Joplin,Joplin,,Missouri,"Joplin, Missouri",United States,location,6,277
MO435,MO,435,Kahoka,Kahoka,,Missouri,"Kahoka, Missouri",United States,location,1,277
MO440,MO,440,Kansas City,Kansas City,,Missouri,"Kansas City, Missouri",United States,location,24,277
MO441,MO,441,Kansas City Airport,Kansas City Airport,,Missouri,"Kansas City Airport, Missouri",United States,location,2,278
MO540,MO,540,Macon,Macon,,Missouri,"Macon, Missouri",United States,location,1,278
MO580,MO,580,Maryville,Maryville,,Missouri,"Maryville, Missouri",United States,location,2,278
MO585,MO,585,Maysville,Maysville,,Missouri,"Maysville, Missouri",United States,location,1,278
MO600,MO,600,Moberly,Moberly,,Missouri,"Moberly, Missouri",United States,location,3,278
MO640,MO,640,Nevada,Nevada,,Missouri,"Nevada, Missouri",United States,location,2,279
MO665,MO,665,Oakwood,Oakwood,,Missouri,"Oakwood, Missouri",United States,location,2,279
MO668,MO,668,Osage Beach,Osage Beach,,Missouri,"Osage Beach, Missouri",United States,location,4,279
MO690,MO,690,Palmyra,Palmyra,,Missouri,"Palmyra, Missouri",United States,location,1,279
MO700,MO,700,Pertle Springs,Pertle Springs,,Missouri,"Pertle Springs, Missouri",United States,location,2,279
MO715,MO,715,Poplar Bluff,Poplar Bluff,,Missouri,"Poplar Bluff, Missouri",United States,location,1,279
MO725,MO,725,Princeton,Princeton,,Missouri,"Princeton, Missouri",United States,location,1,279
MO735,MO,735,Raytown,Raytown,,Missouri,"Raytown, Missouri",United States,location,1,279
MO820,MO,820,Sedalia,Sedalia,,Missouri,"Sedalia, Missouri",United States,location,6,279
MO830,MO,830,Shrewsbury,Shrewsbury,,Missouri,"Shrewsbury, Missouri",United States,location,2,280
MO860,MO,860,Springfield,Springfield,,Missouri,"Springfield, Missouri",United States,location,10,280
MO870,MO,870,St. Charles,St. Charles,,Missouri,"St. Charles, Missouri",United States,location,1,280
MO880,MO,880,St. Joseph,St. Joseph,,Missouri,"St. Joseph, Missouri",United States,location,9,280
MO910,MO,910,St. Louis,St. Louis,,Missouri,"St. Louis, Missouri",United States,location,30,280
MO920,MO,920,Trenton,Trenton,,Missouri,"Trenton, Missouri",United States,location,11,282
MO945,MO,945,Washington,Washington,,Missouri,"Washington, Missouri",United States,location,3,282
MO950,MO,950,Waynesville,Waynesville,,Missouri,"Waynesville, Missouri",United States,location,2,282
MO960,MO,960,Webb City,Webb City,,Missouri,"Webb City, Missouri",United States,location,5,283
MO980,MO,980,West Plains,West Plains,,Missouri,"West Plains, Missouri",United States,location,4,283
MO990,MO,990,Windsor,Windsor,,Missouri,"Windsor, Missouri",United States,location,1,283
MO997,MO,997,Zone Checks,Zone Checks,,Missouri,"Zone Checks, Missouri",United States,category,9,283
MO998,MO,998,Patterns,Patterns,,Missouri,"Patterns, Missouri",United States,category,30,283
MO1000,MO,1000,Miscellaneous,Miscellaneous,,Missouri,"Miscellaneous, Missouri",United States,category,2,284
MT80,MT,80,Billings,Billings,,Montana,"Billings, Montana",United States,location,9,286
MT100,MT,100,Bozeman,Bozeman,,Montana,"Bozeman, Montana",United States,location,1,286
MT140,MT,140,Butte,Butte,,Montana,"Butte, Montana",United States,location,12,286
MT320,MT,320,Fort Benton,Fort Benton,,Montana,"Fort Benton, Montana",United States,location,2,287
MT380,MT,380,Great Falls,Great Falls,,Montana,"Great Falls, Montana",United States,location,4,287
MT480,MT,480,Helena,Helena,,Montana,"Helena, Montana",United States,location,19,287
MT500,MT,500,Kalispell,Kalispell,,Montana,"Kalispell, Montana",United States,location,1,288
MT560,MT,560,Lewistown,Lewistown,,Montana,"Lewistown, Montana",United States,location,1,288
MT660,MT,660,Missoula,Missoula,,Montana,"Missoula, Montana",United States,location,78,288
MT690,MT,690,Oswego,Oswego,,Montana,"Oswego, Montana",United States,location,1,290
MT740,MT,740,Polson,Polson,,Montana,"Polson, Montana",United States,location,1,290
MT800,MT,800,Shelby,Shelby,,Montana,"Shelby, Montana",United States,location,2,290
MT960,MT,960,Whitefish,Whitefish,,Montana,"Whitefish, Montana",United States,location,1,290
MT998,MT,998,Patterns,Patterns,,Montana,"Patterns, Montana",United States,category,1,290
MT1000,MT,1000,Miscellaneous,Miscellaneous,,Montana,"Miscellaneous, Montana",United States,category,2,290
NE40,NE,40,Arcadia,Arcadia,,Nebraska,"Arcadia, Nebraska",United States,location,1,292
NE50,NE,50,Atlanta,Atlanta,,Nebraska,"Atlanta, Nebraska",United States,location,1,292
NE60,NE,60,Auburn,Auburn,,Nebraska,"Auburn, Nebraska",United States,location,1,292
NE120,NE,120,Beatrice,Beatrice,,Nebraska,"Beatrice, Nebraska",United States,location,4,292
NE125,NE,125,Beaver Crossing,Beaver Crossing,,Nebraska,"Beaver Crossing, Nebraska",United States,location,1,292
NE130,NE,130,Bellevue,Bellevue,,Nebraska,"Bellevue, Nebraska",United States,location,3,292
NE200,NE,200,Creighton,Creighton,,Nebraska,"Creighton, Nebraska",United States,location,1,292
NE280,NE,280,Crete,Crete,,Nebraska,"Crete, Nebraska",United States,location,1,292
NE305,NE,305,Decatur,Decatur,,Nebraska,"Decatur, Nebraska",United States,location,7,292
NE320,NE,320,Fairbury,Fairbury,,Nebraska,"Fairbury, Nebraska",United States,location,1,293
NE360,NE,360,Fremont,Fremont,,Nebraska,"Fremont, Nebraska",United States,location,7,293
NE370,NE,370,Fullerton,Fullerton,,Nebraska,"Fullerton, Nebraska",United States,location,4,293
NE420,NE,420,Grand Island,Grand Island,,Nebraska,"Grand Island, Nebraska",United States,location,8,293
NE440,NE,440,Hastings,Hastings,,Nebraska,"Hastings, Nebraska",United States,location,10,293
NE460,NE,460,Hebron,Hebron,,Nebraska,"Hebron, Nebraska",United States,location,1,294
NE500,NE,500,Kearney,Kearney,,Nebraska,"Kearney, Nebraska",United States,location,2,294
NE540,NE,540,Lincoln,Lincoln,,Nebraska,"Lincoln, Nebraska",United States,location,38,294
NE580,NE,580,McCook,McCook,,Nebraska,"McCook, Nebraska",United States,location,1,295
NE640,NE,640,Norfolk,Norfolk,,Nebraska,"Norfolk, Nebraska",United States,location,2,295
NE660,NE,660,North Platte,North Platte,,Nebraska,"North Platte, Nebraska",United States,location,1,295
NE700,NE,700,Omaha,Omaha,,Nebraska,"Omaha, Nebraska",United States,location,33,295
NE750,NE,750,Osceola,Osceola,,Nebraska,"Osceola, Nebraska",United States,location,1,296
NE770,NE,770,Overton,Overton,,Nebraska,"Overton, Nebraska",United States,location,1,296
NE800,NE,800,Ralston,Ralston,,Nebraska,"Ralston, Nebraska",United States,location,4,297
NE820,NE,820,Scottsbluff,Scottsbluff,,Nebraska,"Scottsbluff, Nebraska",United States,location,2,297
NE830,NE,830,Scribner,Scribner,,Nebraska,"Scribner, Nebraska",United States,location,0,297
NE855,NE,855,Stromsburg,Stromsburg,,Nebraska,"Stromsburg, Nebraska",United States,location,1,297
NE940,NE,940,Wahoo,Wahoo,,Nebraska,"Wahoo, Nebraska",United States,location,5,297
NE980,NE,980,York,York,,Nebraska,"York, Nebraska",United States,location,5,297
NE997,NE,997,Zone Checks,Zone Checks,,Nebraska,"Zone Checks, Nebraska",United States,category,3,297
NE998,NE,998,Patterns,Patterns,,Nebraska,"Patterns, Nebraska",United States,category,5,297
NE1000,NE,1000,Miscellaneous,Miscellaneous,,Nebraska,"Miscellaneous, Nebraska",United States,category,2,298
NV150,NV,150,Carson City,Carson City,,Nevada,"Carson City, Nevada",United States,location,1,300
NV250,NV,250,Ely,Ely,,Nevada,"Ely, Nevada",United States,location,1,300
NV350,NV,350,Henderson,Henderson,,Nevada,"Henderson, Nevada",United States,location,1,300
NV500,NV,500,Las Vegas,Las Vegas,,Nevada,"Las Vegas, Nevada",United States,location,12,300
NV520,NV,520,Laughlin,Laughlin,,Nevada,"Laughlin, Nevada",United States,location,1,301
NV700,NV,700,Sparks,Sparks,,Nevada,"Sparks, Nevada",United States,location,1,301
NV900,NV,900,Virginia City,Virginia City,,Nevada,"Virginia City, Nevada",United States,location,4,301
NV998,NV,998,Patterns,Patterns,,Nevada,"Patterns, Nevada",United States,category,2,301
NH30,NH,30,Andover,Andover,,New Hampshire,"Andover, New Hampshire",United States,location,1,302
NH100,NH,100,Claremont,Claremont,,New Hampshire,"Claremont, New Hampshire",United States,location,1,302
NH140,NH,140,Concord,Concord,,New Hampshire,"Concord, New Hampshire",United States,location,1,302
NH350,NH,350,Hampton,Hampton,,New Hampshire,"Hampton, New Hampshire",United States,location,1,302
NH500,NH,500,Keene,Keene,,New Hampshire,"Keene, New Hampshire",United States,location,4,302
NH520,NH,520,Laconia,Laconia,,New Hampshire,"Laconia, New Hampshire",United States,location,2,302
NH615,NH,615,Litchfield,Litchfield,,New Hampshire,"Litchfield, New Hampshire",United States,location,5,302
NH640,NH,640,Manchester,Manchester,,New Hampshire,"Manchester, New Hampshire",United States,location,13,303
NH700,NH,700,Nashua,Nashua,,New Hampshire,"Nashua, New Hampshire",United States,location,1,303
NH720,NH,720,New Hampshire Highways,New Hampshire Highways,,New Hampshire,"New Hampshire Highways, New Hampshire",United States,location,4,303
NH980,NH,980,Wolfeboro,Wolfeboro,,New Hampshire,"Wolfeboro, New Hampshire",United States,location,1,303
NH998,NH,998,Patterns,Patterns,,New Hampshire,"Patterns, New Hampshire",United States,category,3,303
NH1000,NH,1000,Miscellaneous,Miscellaneous,,New Hampshire,"Miscellaneous, New Hampshire",United States,category,3,304
NJ15,NJ,15,Asbury Park,Asbury Park,,New Jersey,"Asbury Park, New Jersey",United States,location,2,306
NJ20,NJ,20,Atlantic City,Atlantic City,,New Jersey,"Atlantic City, New Jersey",United States,location,13,306
NJ30,NJ,30,Bayonne,Bayonne,,New Jersey,"Bayonne, New Jersey",United States,location,1,307
NJ35,NJ,35,Beach Haven,Beach Haven,,New Jersey,"Beach Haven, New Jersey",United States,location,1,307
NJ95,NJ,95,Bridgeton,Bridgeton,,New Jersey,"Bridgeton, New Jersey",United States,location,1,307
NJ115,NJ,115,Camden,Camden,,New Jersey,"Camden, New Jersey",United States,location,18,307
NJ120,NJ,120,Cape May,Cape May,,New Jersey,"Cape May, New Jersey",United States,location,10,307
NJ145,NJ,145,Chatsworth,Chatsworth,,New Jersey,"Chatsworth, New Jersey",United States,location,1,308
NJ175,NJ,175,Communipaw,Communipaw,,New Jersey,"Communipaw, New Jersey",United States,location,1,308
NJ185,NJ,185,Dover,Dover,,New Jersey,"Dover, New Jersey",United States,location,3,308
NJ200,NJ,200,East Orange,East Orange,,New Jersey,"East Orange, New Jersey",United States,location,1,308
NJ215,NJ,215,Edison,Edison,,New Jersey,"Edison, New Jersey",United States,location,1,308
NJ220,NJ,220,Elizabeth,Elizabeth,,New Jersey,"Elizabeth, New Jersey",United States,location,1,309
NJ250,NJ,250,Fort Dix,Fort Dix,,New Jersey,"Fort Dix, New Jersey",United States,location,1,309
NJ260,NJ,260,Freehold,Freehold,,New Jersey,"Freehold, New Jersey",United States,location,1,309
NJ290,NJ,290,Gloucester,Gloucester,,New Jersey,"Gloucester, New Jersey",United States,location,5,309
NJ310,NJ,310,Haddonfield,Haddonfield,,New Jersey,"Haddonfield, New Jersey",United States,location,1,309
NJ380,NJ,380,Irvington,Irvington,,New Jersey,"Irvington, New Jersey",United States,location,1,309
NJ390,NJ,390,Jersey City,Jersey City,,New Jersey,"Jersey City, New Jersey",United States,location,7,309
NJ460,NJ,460,Manasquan,Manasquan,,New Jersey,"Manasquan, New Jersey",United States,location,1,309
NJ465,NJ,465,Margate,Margate,,New Jersey,"Margate, New Jersey",United States,location,1,309
NJ470,NJ,470,Mays Landing,Mays Landing,,New Jersey,"Mays Landing, New Jersey",United States,location,2,309
NJ555,NJ,555,Newark,Newark,,New Jersey,"Newark, New Jersey",United States,location,8,310
NJ570,NJ,570,New Jersey Highways,New Jersey Highways,,New Jersey,"New Jersey Highways, New Jersey",United States,location,5,310
NJ585,NJ,585,North Bergen,North Bergen,,New Jersey,"North Bergen, New Jersey",United States,location,1,310
NJ605,NJ,605,Nutley,Nutley,,New Jersey,"Nutley, New Jersey",United States,location,1,310
NJ650,NJ,650,Paramus,Paramus,,New Jersey,"Paramus, New Jersey",United States,location,2,311
NJ710,NJ,710,Pleasantville,Pleasantville,,New Jersey,"Pleasantville, New Jersey",United States,location,4,311
NJ730,NJ,730,Port Murray,Port Murray,,New Jersey,"Port Murray, New Jersey",United States,location,2,311
NJ825,NJ,825,Salem,Salem,,New Jersey,"Salem, New Jersey",United States,location,2,311
NJ833,NJ,833,Seaside Heights,Seaside Heights,,New Jersey,"Seaside Heights, New Jersey",United States,location,1,311
NJ885,NJ,885,Trenton,Trenton,,New Jersey,"Trenton, New Jersey",United States,location,4,311
NJ912,NJ,912,Voorhees,Voorhees,,New Jersey,"Voorhees, New Jersey",United States,location,1,311
NJ975,NJ,975,Wildwood,Wildwood,,New Jersey,"Wildwood, New Jersey",United States,location,8,311
NJ997,NJ,997,Zone Checks,Zone Checks,,New Jersey,"Zone Checks, New Jersey",United States,category,13,312
NJ998,NJ,998,Patterns,Patterns,,New Jersey,"Patterns, New Jersey",United States,category,9,312
NJ999,NJ,999,Passes,Passes,,New Jersey,"Passes, New Jersey",United States,category,1,313
NJ1000,NJ,1000,Miscellaneous,Miscellaneous,,New Jersey,"Miscellaneous, New Jersey",United States,category,3,313
NM40,NM,40,Albuquerque,Albuquerque,,New Mexico,"Albuquerque, New Mexico",United States,location,13,314
NM100,NM,100,Carlsbad,Carlsbad,,New Mexico,"Carlsbad, New Mexico",United States,location,3,314
NM280,NM,280,Gallup,Gallup,,New Mexico,"Gallup, New Mexico",United States,location,1,314
NM420,NM,420,Las Cruces,Las Cruces,,New Mexico,"Las Cruces, New Mexico",United States,location,3,315
NM430,NM,430,Las Vegas,Las Vegas,,New Mexico,"Las Vegas, New Mexico",United States,location,4,315
NM760,NM,760,Roswell,Roswell,,New Mexico,"Roswell, New Mexico",United States,location,8,315
NM810,NM,810,Santa Fe,Santa Fe,,New Mexico,"Santa Fe, New Mexico",United States,location,6,315
NM900,NM,900,Taos,Taos,,New Mexico,"Taos, New Mexico",United States,location,6,315
NM940,NM,940,Truth or Consequences,Truth or Consequences,,New Mexico,"Truth or Consequences, New Mexico",United States,location,1,316
NM998,NM,998,Patterns,Patterns,,New Mexico,"Patterns, New Mexico",United States,category,1,316
NY10,NY,10,Albany,Albany,,New York,"Albany, New York",United States,location,22,318
NY25,NY,25,Amsterdam,Amsterdam,,New York,"Amsterdam, New York",United States,location,13,318
NY35,NY,35,Auburn,Auburn,,New York,"Auburn, New York",United States,location,13,319
NY60,NY,60,Bath,Bath,,New York,"Bath, New York",United States,location,1,320
NY70,NY,70,Bayville,Bayville,,New York,"Bayville, New York",United States,location,1,320
NY75,NY,75,Beacon,Beacon,,New York,"Beacon, New York",United States,location,3,320
NY78,NY,78,Bear Mountain,Bear Mountain,,New York,"Bear Mountain, New York",United States,location,1,320
NY79,NY,79,Belmont,Belmont,,New York,"Belmont, New York",United States,location,2,320
NY80,NY,80,Binghamton,Binghamton,,New York,"Binghamton, New York",United States,location,17,320
NY105,NY,105,Buffalo,Buffalo,,New York,"Buffalo, New York",United States,location,15,320
NY110,NY,110,Canandaigua,Canandaigua,,New York,"Canandaigua, New York",United States,location,14,321
NY120,NY,120,Canton,Canton,,New York,"Canton, New York",United States,location,1,322
NY125,NY,125,Centerport,Centerport,,New York,"Centerport, New York",United States,location,1,322
NY135,NY,135,Cheektowaga,Cheektowaga,,New York,"Cheektowaga, New York",United States,location,1,322
NY139,NY,139,Cobleskill,Cobleskill,,New York,"Cobleskill, New York",United States,location,6,322
NY140,NY,140,Cohoes,Cohoes,,New York,"Cohoes, New York",United States,location,4,322
NY145,NY,145,Copiague,Copiague,,New York,"Copiague, New York",United States,location,4,322
NY150,NY,150,Corning,Corning,,New York,"Corning, New York",United States,location,6,322
NY160,NY,160,Cortland,Cortland,,New York,"Cortland, New York",United States,location,14,323
NY195,NY,195,Dunkirk,Dunkirk,,New York,"Dunkirk, New York",United States,location,2,323
NY205,NY,205,East Meadow,East Meadow,,New York,"East Meadow, New York",United States,location,1,324
NY210,NY,210,East Rockaway,East Rockaway,,New York,"East Rockaway, New York",United States,location,2,324
NY230,NY,230,Elmira,Elmira,,New York,"Elmira, New York",United States,location,13,324
NY235,NY,235,Elmont,Elmont,,New York,"Elmont, New York",United States,location,3,324
NY240,NY,240,Endicott,Endicott,,New York,"Endicott, New York",United States,location,1,324
NY250,NY,250,Farmingdale,Farmingdale,,New York,"Farmingdale, New York",United States,location,1,324
NY280,NY,280,Fredonia,Fredonia,,New York,"Fredonia, New York",United States,location,3,324
NY285,NY,285,Freeport,Freeport,,New York,"Freeport, New York",United States,location,7,325
NY290,NY,290,Fulton,Fulton,,New York,"Fulton, New York",United States,location,4,325
NY300,NY,300,Geneva,Geneva,,New York,"Geneva, New York",United States,location,1,325
NY305,NY,305,Glen Cove,Glen Cove,,New York,"Glen Cove, New York",United States,location,1,325
NY310,NY,310,Glens Falls,Glens Falls,,New York,"Glens Falls, New York",United States,location,17,325
NY312,NY,312,Glenwood,Glenwood,,New York,"Glenwood, New York",United States,location,1,326
NY315,NY,315,Gloversville,Gloversville,,New York,"Gloversville, New York",United States,location,6,326
NY345,NY,345,Hamilton,Hamilton,,New York,"Hamilton, New York",United States,location,1,327
NY355,NY,355,Hauppauge,Hauppauge,,New York,"Hauppauge, New York",United States,location,5,327
NY360,NY,360,Hempstead,Hempstead,,New York,"Hempstead, New York",United States,location,4,327
NY363,NY,363,Henrietta,Henrietta,,New York,"Henrietta, New York",United States,location,2,327
NY365,NY,365,Hewlett,Hewlett,,New York,"Hewlett, New York",United States,location,1,327
NY380,NY,380,Hornell,Hornell,,New York,"Hornell, New York",United States,location,4,327
NY385,NY,385,Hudson,Hudson,,New York,"Hudson, New York",United States,location,4,328
NY395,NY,395,Huntington,Huntington,,New York,"Huntington, New York",United States,location,1,328
NY410,NY,410,Ithaca,Ithaca,,New York,"Ithaca, New York",United States,location,6,328
NY425,NY,425,Jamestown,Jamestown,,New York,"Jamestown, New York",United States,location,6,328
NY435,NY,435,Johnson City,Johnson City,,New York,"Johnson City, New York",United States,location,1,328
NY437,NY,437,Jones Beach,Jones Beach,,New York,"Jones Beach, New York",United States,location,4,328
NY440,NY,440,Kenmore,Kenmore,,New York,"Kenmore, New York",United States,location,2,328
NY445,NY,445,Kingston,Kingston,,New York,"Kingston, New York",United States,location,9,328
NY455,NY,455,Lake Placid,Lake Placid,,New York,"Lake Placid, New York",United States,location,1,329
NY500,NY,500,Lockport,Lockport,,New York,"Lockport, New York",United States,location,2,329
NY505,NY,505,Long Beach,Long Beach,,New York,"Long Beach, New York",United States,location,1,329
NY560,NY,560,Massena,Massena,,New York,"Massena, New York",United States,location,3,329
NY572,NY,572,Melville,Melville,,New York,"Melville, New York",United States,location,5,329
NY575,NY,575,Middletown,Middletown,,New York,"Middletown, New York",United States,location,1,330
NY590,NY,590,Monticello,Monticello,,New York,"Monticello, New York",United States,location,18,330
NY595,NY,595,Moriah,Moriah,,New York,"Moriah, New York",United States,location,2,330
NY605,NY,605,Mount Vernon,Mount Vernon,,New York,"Mount Vernon, New York",United States,location,1,330
NY615,NY,615,Newburgh,Newburgh,,New York,"Newburgh, New York",United States,location,7,330
NY628,NY,628,New York City: Bronx,Bronx,New York City,New York,"Bronx, New York",United States,location,3,330
NY629,NY,629,New York City: Brooklyn,Brooklyn,New York City,New York,"Brooklyn, New York",United States,location,12,331
NY630,NY,630,New York City: Manhattan,Manhattan,New York City,New York,"Manhattan, New York",United States,location,62,331
NY631,NY,631,New York City: Queens,Queens,New York City,New York,"Queens, New York",United States,location,25,334
NY632,NY,632,New York City: Staten Island,Staten Island,New York City,New York,"Staten Island, New York",United States,location,5,335
NY640,NY,640,Niagara Falls,Niagara Falls,,New York,"Niagara Falls, New York",United States,location,13,335
NY645,NY,645,Nichols,Nichols,,New York,"Nichols, New York",United States,location,2,336
NY655,NY,655,North Tonawanda,North Tonawanda,,New York,"North Tonawanda, New York",United States,location,7,336
NY660,NY,660,Norwich,Norwich,,New York,"Norwich, New York",United States,location,3,336
NY665,NY,665,Nyack,Nyack,,New York,"Nyack, New York",United States,location,1,337
NY675,NY,675,Olean,Olean,,New York,"Olean, New York",United States,location,6,337
NY680,NY,680,Oneida,Oneida,,New York,"Oneida, New York",United States,location,3,337
NY685,NY,685,Oneonta,Oneonta,,New York,"Oneonta, New York",United States,location,11,337
NY690,NY,690,Ossining,Ossining,,New York,"Ossining, New York",United States,location,1,337
NY695,NY,695,Oswego,Oswego,,New York,"Oswego, New York",United States,location,8,337
NY700,NY,700,Owego,Owego,,New York,"Owego, New York",United States,location,1,338
NY715,NY,715,Peekskill,Peekskill,,New York,"Peekskill, New York",United States,location,1,338
NY735,NY,735,Plattsburgh,Plattsburgh,,New York,"Plattsburgh, New York",United States,location,13,338
NY745,NY,745,Port Chester,Port Chester,,New York,"Port Chester, New York",United States,location,2,338
NY760,NY,760,Poughkeepsie,Poughkeepsie,,New York,"Poughkeepsie, New York",United States,location,4,339
NY775,NY,775,Richfield Springs,Richfield Springs,,New York,"Richfield Springs, New York",United States,location,1,339
NY780,NY,780,Rochester,Rochester,,New York,"Rochester, New York",United States,location,29,339
NY785,NY,785,Rockville Centre,Rockville Centre,,New York,"Rockville Centre, New York",United States,location,4,340
NY790,NY,790,Rome,Rome,,New York,"Rome, New York",United States,location,19,341
NY800,NY,800,Sackett Lake,Sackett Lake,,New York,"Sackett Lake, New York",United States,location,1,341
NY810,NY,810,Saratoga Springs,Saratoga Springs,,New York,"Saratoga Springs, New York",United States,location,5,341
NY830,NY,830,Schenectady,Schenectady,,New York,"Schenectady, New York",United States,location,8,341
NY850,NY,850,Shelter Island Heights,Shelter Island Heights,,New York,"Shelter Island Heights, New York",United States,location,3,342
NY875,NY,875,Syracuse,Syracuse,,New York,"Syracuse, New York",United States,location,36,342
NY885,NY,885,Tonawanda,Tonawanda,,New York,"Tonawanda, New York",United States,location,1,343
NY890,NY,890,Troy,Troy,,New York,"Troy, New York",United States,location,9,343
NY905,NY,905,Utica,Utica,,New York,"Utica, New York",United States,location,20,344
NY913,NY,913,Victor,Victor,,New York,"Victor, New York",United States,location,2,344
NY935,NY,935,Waterford,Waterford,,New York,"Waterford, New York",United States,location,4,344
NY945,NY,945,Watertown,Watertown,,New York,"Watertown, New York",United States,location,7,345
NY955,NY,955,Waverly,Waverly,,New York,"Waverly, New York",United States,location,2,345
NY980,NY,980,White Plains,White Plains,,New York,"White Plains, New York",United States,location,3,345
NY995,NY,995,Yonkers,Yonkers,,New York,"Yonkers, New York",United States,location,3,345
NY997,NY,997,Zone Checks,Zone Checks,,New York,"Zone Checks, New York",United States,category,1,345
NY998,NY,998,Patterns,Patterns,,New York,"Patterns, New York",United States,category,20,345
NY999,NY,999,Passes,Passes,,New York,"Passes, New York",United States,category,1,346
NY1000,NY,1000,Miscellaneous,Miscellaneous,,New York,"Miscellaneous, New York",United States,category,7,346
NC20,NC,20,Albemarle,Albemarle,,North Carolina,"Albemarle, North Carolina",United States,location,2,348
NC30,NC,30,Asheboro,Asheboro,,North Carolina,"Asheboro, North Carolina",United States,location,4,348
NC40,NC,40,Asheville,Asheville,,North Carolina,"Asheville, North Carolina",United States,location,4,348
NC110,NC,110,Boone,Boone,,North Carolina,"Boone, North Carolina",United States,location,1,348
NC130,NC,130,Burlington,Burlington,,North Carolina,"Burlington, North Carolina",United States,location,10,348
NC140,NC,140,Camden,Camden,,North Carolina,"Camden, North Carolina",United States,location,1,349
NC145,NC,145,Carthage,Carthage,,North Carolina,"Carthage, North Carolina",United States,location,4,349
NC150,NC,150,Chapel Hill,Chapel Hill,,North Carolina,"Chapel Hill, North Carolina",United States,location,1,349
NC160,NC,160,Charlotte,Charlotte,,North Carolina,"Charlotte, North Carolina",United States,location,18,349
NC170,NC,170,Cherokee,Cherokee,,North Carolina,"Cherokee, North Carolina",United States,location,5,350
NC190,NC,190,Concord,Concord,,North Carolina,"Concord, North Carolina",United States,location,4,350
NC240,NC,240,Durham,Durham,,North Carolina,"Durham, North Carolina",United States,location,11,351
NC265,NC,265,Eden,Eden,,North Carolina,"Eden, North Carolina",United States,location,2,351
NC280,NC,280,Elizabeth City,Elizabeth City,,North Carolina,"Elizabeth City, North Carolina",United States,location,5,351
NC290,NC,290,Elkin,Elkin,,North Carolina,"Elkin, North Carolina",United States,location,4,351
NC330,NC,330,Fayetteville,Fayetteville,,North Carolina,"Fayetteville, North Carolina",United States,location,2,351
NC350,NC,350,Gastonia,Gastonia,,North Carolina,"Gastonia, North Carolina",United States,location,3,351
NC360,NC,360,Goldsboro,Goldsboro,,North Carolina,"Goldsboro, North Carolina",United States,location,4,351
NC380,NC,380,Greensboro,Greensboro,,North Carolina,"Greensboro, North Carolina",United States,location,5,351
NC390,NC,390,Greenville,Greenville,,North Carolina,"Greenville, North Carolina",United States,location,1,352
NC425,NC,425,Henderson,Henderson,,North Carolina,"Henderson, North Carolina",United States,location,1,352
NC430,NC,430,Hendersonville,Hendersonville,,North Carolina,"Hendersonville, North Carolina",United States,location,2,352
NC440,NC,440,Hickory,Hickory,,North Carolina,"Hickory, North Carolina",United States,location,5,352
NC450,NC,450,High Point,High Point,,North Carolina,"High Point, North Carolina",United States,location,6,352
NC455,NC,455,Hillsborough,Hillsborough,,North Carolina,"Hillsborough, North Carolina",United States,location,1,352
NC465,NC,465,Kannapolis,Kannapolis,,North Carolina,"Kannapolis, North Carolina",United States,location,2,352
NC470,NC,470,Kings Mountain,Kings Mountain,,North Carolina,"Kings Mountain, North Carolina",United States,location,1,352
NC475,NC,475,Kinston,Kinston,,North Carolina,"Kinston, North Carolina",United States,location,2,352
NC480,NC,480,Kitty Hawk,Kitty Hawk,,North Carolina,"Kitty Hawk, North Carolina",United States,location,2,353
NC560,NC,560,Lexington,Lexington,,North Carolina,"Lexington, North Carolina",United States,location,3,353
NC615,NC,615,New London,New London,,North Carolina,"New London, North Carolina",United States,location,2,353
NC625,NC,625,Newton,Newton,,North Carolina,"Newton, North Carolina",United States,location,1,353
NC630,NC,630,North Wilkesboro,North Wilkesboro,,North Carolina,"North Wilkesboro, North Carolina",United States,location,1,353
NC660,NC,660,Raleigh,Raleigh,,North Carolina,"Raleigh, North Carolina",United States,location,3,353
NC670,NC,670,Reidsville,Reidsville,,North Carolina,"Reidsville, North Carolina",United States,location,1,353
NC680,NC,680,Roanoke Rapids,Roanoke Rapids,,North Carolina,"Roanoke Rapids, North Carolina",United States,location,3,353
NC690,NC,690,Rockingham,Rockingham,,North Carolina,"Rockingham, North Carolina",United States,location,5,354
NC700,NC,700,Rocky Mount,Rocky Mount,,North Carolina,"Rocky Mount, North Carolina",United States,location,8,354
NC710,NC,710,Roxboro,Roxboro,,North Carolina,"Roxboro, North Carolina",United States,location,2,354
NC730,NC,730,Salisbury,Salisbury,,North Carolina,"Salisbury, North Carolina",United States,location,1,354
NC750,NC,750,Scotland Neck,Scotland Neck,,North Carolina,"Scotland Neck, North Carolina",United States,location,1,354
NC770,NC,770,Shelby,Shelby,,North Carolina,"Shelby, North Carolina",United States,location,2,354
NC830,NC,830,Statesville,Statesville,,North Carolina,"Statesville, North Carolina",United States,location,1,354
NC850,NC,850,Thomasville,Thomasville,,North Carolina,"Thomasville, North Carolina",United States,location,3,354
NC880,NC,880,Wadesboro,Wadesboro,,North Carolina,"Wadesboro, North Carolina",United States,location,2,355
NC890,NC,890,Washington,Washington,,North Carolina,"Washington, North Carolina",United States,location,1,355
NC950,NC,950,Wilmington,Wilmington,,North Carolina,"Wilmington, North Carolina",United States,location,3,355
NC960,NC,960,Wilson,Wilson,,North Carolina,"Wilson, North Carolina",United States,location,2,355
NC980,NC,980,Winston-Salem,Winston-Salem,,North Carolina,"Winston-Salem, North Carolina",United States,location,12,355
NC998,NC,998,Patterns,Patterns,,North Carolina,"Patterns, North Carolina",United States,category,3,355
NC1000,NC,1000,Miscellaneous,Miscellaneous,,North Carolina,"Miscellaneous, North Carolina",United States,category,2,355
ND60,ND,60,Bismarck,Bismarck,,North Dakota,"Bismarck, North Dakota",United States,location,5,358
ND120,ND,120,Casselton,Casselton,,North Dakota,"Casselton, North Dakota",United States,location,1,358
ND260,ND,260,Fargo,Fargo,,North Dakota,"Fargo, North Dakota",United States,location,17,358
ND320,ND,320,Grand Forks,Grand Forks,,North Dakota,"Grand Forks, North Dakota",United States,location,12,359
ND440,ND,440,Jamestown,Jamestown,,North Dakota,"Jamestown, North Dakota",United States,location,2,359
ND600,ND,600,Minot,Minot,,North Dakota,"Minot, North Dakota",United States,location,11,359
ND620,ND,620,Mott,Mott,,North Dakota,"Mott, North Dakota",United States,location,1,360
ND900,ND,900,Wahpeton,Wahpeton,,North Dakota,"Wahpeton, North Dakota",United States,location,3,360
ND960,ND,960,Williston,Williston,,North Dakota,"Williston, North Dakota",United States,location,1,360
ND998,ND,998,Patterns,Patterns,,North Dakota,"Patterns, North Dakota",United States,category,2,360
ND1000,ND,1000,Miscellaneous,Miscellaneous,,North Dakota,"Miscellaneous, North Dakota",United States,category,2,360
OH10,OH,10,Akron,Akron,,Ohio,"Akron, Ohio",United States,location,25,362
OH12,OH,12,Albany,Albany,,Ohio,"Albany, Ohio",United States,location,1,363
OH15,OH,15,Alliance,Alliance,,Ohio,"Alliance, Ohio",United States,location,8,363
OH25,OH,25,Ashland,Ashland,,Ohio,"Ashland, Ohio",United States,location,2,363
OH30,OH,30,Ashtabula,Ashtabula,,Ohio,"Ashtabula, Ohio",United States,location,5,363
OH35,OH,35,Athens,Athens,,Ohio,"Athens, Ohio",United States,location,8,363
OH45,OH,45,Barnesville,Barnesville,,Ohio,"Barnesville, Ohio",United States,location,8,364
OH60,OH,60,Bellaire,Bellaire,,Ohio,"Bellaire, Ohio",United States,location,2,364
OH80,OH,80,Boardman,Boardman,,Ohio,"Boardman, Ohio",United States,location,2,364
OH85,OH,85,Bowling Green,Bowling Green,,Ohio,"Bowling Green, Ohio",United States,location,4,364
OH95,OH,95,Brookfield,Brookfield,,Ohio,"Brookfield, Ohio",United States,location,1,364
OH100,OH,100,Brunswick,Brunswick,,Ohio,"Brunswick, Ohio",United States,location,1,364
OH115,OH,115,Cambridge,Cambridge,,Ohio,"Cambridge, Ohio",United States,location,3,365
OH125,OH,125,Canton,Canton,,Ohio,"Canton, Ohio",United States,location,16,365
OH160,OH,160,Chillicothe,Chillicothe,,Ohio,"Chillicothe, Ohio",United States,location,10,365
OH165,OH,165,Cincinnati,Cincinnati,,Ohio,"Cincinnati, Ohio",United States,location,44,365
OH166,OH,166,Cincinnati Civil War Tokens,Cincinnati Civil War Tokens,,Ohio,"Cincinnati Civil War Tokens, Ohio",United States,location,9,367
OH175,OH,175,Cleveland,Cleveland,,Ohio,"Cleveland, Ohio",United States,location,38,368
OH200,OH,200,Columbus,Columbus,,Ohio,"Columbus, Ohio",United States,location,4,369
OH210,OH,210,Coshocton,Coshocton,,Ohio,"Coshocton, Ohio",United States,location,5,369
OH215,OH,215,Crestline,Crestline,,Ohio,"Crestline, Ohio",United States,location,1,369
OH225,OH,225,Cuyahoga Falls,Cuyahoga Falls,,Ohio,"Cuyahoga Falls, Ohio",United States,location,2,369
OH230,OH,230,Dayton,Dayton,,Ohio,"Dayton, Ohio",United States,location,45,369
OH240,OH,240,Defiance,Defiance,,Ohio,"Defiance, Ohio",United States,location,4,371
OH245,OH,245,Delaware,Delaware,,Ohio,"Delaware, Ohio",United States,location,2,371
OH270,OH,270,East Liverpool,East Liverpool,,Ohio,"East Liverpool, Ohio",United States,location,1,372
OH290,OH,290,Elyria,Elyria,,Ohio,"Elyria, Ohio",United States,location,3,372
OH330,OH,330,Fremont,Fremont,,Ohio,"Fremont, Ohio",United States,location,1,372
OH345,OH,345,Gallipolis,Gallipolis,,Ohio,"Gallipolis, Ohio",United States,location,1,372
OH355,OH,355,Girard,Girard,,Ohio,"Girard, Ohio",United States,location,2,372
OH380,OH,380,Greenville,Greenville,,Ohio,"Greenville, Ohio",United States,location,8,372
OH385,OH,385,Hamilton,Hamilton,,Ohio,"Hamilton, Ohio",United States,location,6,372
OH410,OH,410,Ironton,Ironton,,Ohio,"Ironton, Ohio",United States,location,2,372
OH425,OH,425,Kent,Kent,,Ohio,"Kent, Ohio",United States,location,7,373
OH435,OH,435,Lakewood,Lakewood,,Ohio,"Lakewood, Ohio",United States,location,4,373
OH440,OH,440,Lancaster,Lancaster,,Ohio,"Lancaster, Ohio",United States,location,16,373
OH450,OH,450,Lima,Lima,,Ohio,"Lima, Ohio",United States,location,10,373
OH455,OH,455,Lisbon,Lisbon,,Ohio,"Lisbon, Ohio",United States,location,1,374
OH465,OH,465,Logan,Logan,,Ohio,"Logan, Ohio",United States,location,5,374
OH475,OH,475,Lorain,Lorain,,Ohio,"Lorain, Ohio",United States,location,14,374
OH495,OH,495,Manchester,Manchester,,Ohio,"Manchester, Ohio",United States,location,3,375
OH505,OH,505,Mansfield,Mansfield,,Ohio,"Mansfield, Ohio",United States,location,45,375
OH515,OH,515,Marietta,Marietta,,Ohio,"Marietta, Ohio",United States,location,3,376
OH520,OH,520,Marion,Marion,,Ohio,"Marion, Ohio",United States,location,10,376
OH535,OH,535,Massillon,Massillon,,Ohio,"Massillon, Ohio",United States,location,7,376
OH550,OH,550,Medina,Medina,,Ohio,"Medina, Ohio",United States,location,6,377
OH552,OH,552,Mentor,Mentor,,Ohio,"Mentor, Ohio",United States,location,8,377
OH560,OH,560,Middleport,Middleport,,Ohio,"Middleport, Ohio",United States,location,2,377
OH565,OH,565,Middletown,Middletown,,Ohio,"Middletown, Ohio",United States,location,6,377
OH590,OH,590,Mt. Vernon,Mt. Vernon,,Ohio,"Mt. Vernon, Ohio",United States,location,1,378
OH605,OH,605,Newark,Newark,,Ohio,"Newark, Ohio",United States,location,7,378
OH625,OH,625,New Lexington,New Lexington,,Ohio,"New Lexington, Ohio",United States,location,4,378
OH640,OH,640,Niles,Niles,,Ohio,"Niles, Ohio",United States,location,2,378
OH660,OH,660,North Olmsted,North Olmsted,,Ohio,"North Olmsted, Ohio",United States,location,7,378
OH700,OH,700,Osborne,Osborne,,Ohio,"Osborne, Ohio",United States,location,1,379
OH726,OH,726,Perrysburg Civil War Tokens,Perrysburg Civil War Tokens,,Ohio,"Perrysburg Civil War Tokens, Ohio",United States,location,2,379
OH730,OH,730,Piqua,Piqua,,Ohio,"Piqua, Ohio",United States,location,10,379
OH735,OH,735,Pomeroy,Pomeroy,,Ohio,"Pomeroy, Ohio",United States,location,1,379
OH745,OH,745,Portsmouth,Portsmouth,,Ohio,"Portsmouth, Ohio",United States,location,9,379
OH750,OH,750,Proctorville,Proctorville,,Ohio,"Proctorville, Ohio",United States,location,1,379
OH752,OH,752,Put-In-Bay,Put-In-Bay,,Ohio,"Put-In-Bay, Ohio",United States,location,2,379
OH770,OH,770,St. Bernard,St. Bernard,,Ohio,"St. Bernard, Ohio",United States,location,2,380
OH775,OH,775,St. Clairsville,St. Clairsville,,Ohio,"St. Clairsville, Ohio",United States,location,1,380
OH785,OH,785,Salem,Salem,,Ohio,"Salem, Ohio",United States,location,2,380
OH790,OH,790,Sandusky,Sandusky,,Ohio,"Sandusky, Ohio",United States,location,3,380
OH815,OH,815,Sidney,Sidney,,Ohio,"Sidney, Ohio",United States,location,10,380
OH818,OH,818,Somerset,Somerset,,Ohio,"Somerset, Ohio",United States,location,1,380
OH825,OH,825,Spencerville,Spencerville,,Ohio,"Spencerville, Ohio",United States,location,1,380
OH830,OH,830,Springfield,Springfield,,Ohio,"Springfield, Ohio",United States,location,6,381
OH835,OH,835,Steubenville,Steubenville,,Ohio,"Steubenville, Ohio",United States,location,1,381
OH845,OH,845,Thornville,Thornville,,Ohio,"Thornville, Ohio",United States,location,2,381
OH850,OH,850,Tiffin,Tiffin,,Ohio,"Tiffin, Ohio",United States,location,3,381
OH860,OH,860,Toledo,Toledo,,Ohio,"Toledo, Ohio",United States,location,21,381
OH870,OH,870,Troy,Troy,,Ohio,"Troy, Ohio",United States,location,6,382
OH895,OH,895,Urbana,Urbana,,Ohio,"Urbana, Ohio",United States,location,3,382
OH898,OH,898,Valley Hi,Valley Hi,,Ohio,"Valley Hi, Ohio",United States,location,1,382
OH900,OH,900,Vermilion,Vermilion,,Ohio,"Vermilion, Ohio",United States,location,8,382
OH910,OH,910,Wapakoneta,Wapakoneta,,Ohio,"Wapakoneta, Ohio",United States,location,4,383
OH915,OH,915,Warren,Warren,,Ohio,"Warren, Ohio",United States,location,9,383
OH945,OH,945,Waverly,Waverly,,Ohio,"Waverly, Ohio",United States,location,1,383
OH975,OH,975,Wooster,Wooster,,Ohio,"Wooster, Ohio",United States,location,4,383
OH985,OH,985,Xenia,Xenia,,Ohio,"Xenia, Ohio",United States,location,4,383
OH990,OH,990,Youngstown,Youngstown,,Ohio,"Youngstown, Ohio",United States,location,2,383
OH995,OH,995,Zanesville,Zanesville,,Ohio,"Zanesville, Ohio",United States,location,3,384
OH997,OH,997,Zone Checks,Zone Checks,,Ohio,"Zone Checks, Ohio",United States,category,1,384
OH998,OH,998,Patterns,Patterns,,Ohio,"Patterns, Ohio",United States,category,17,384
OH1000,OH,1000,Miscellaneous,Miscellaneous,,Ohio,"Miscellaneous, Ohio",United States,category,20,385
OK10,OK,10,Ada,Ada,,Oklahoma,"Ada, Oklahoma",United States,location,2,388
OK20,OK,20,Altus,Altus,,Oklahoma,"Altus, Oklahoma",United States,location,3,388
OK45,OK,45,Apache,Apache,,Oklahoma,"Apache, Oklahoma",United States,location,2,388
OK48,OK,48,Arapaho,Arapaho,,Oklahoma,"Arapaho, Oklahoma",United States,location,1,388
OK70,OK,70,Bartlesville,Bartlesville,,Oklahoma,"Bartlesville, Oklahoma",United States,location,4,388
OK180,OK,180,Chickasha,Chickasha,,Oklahoma,"Chickasha, Oklahoma",United States,location,5,388
OK190,OK,190,Chouteau,Chouteau,,Oklahoma,"Chouteau, Oklahoma",United States,location,3,389
OK200,OK,200,Cleveland,Cleveland,,Oklahoma,"Cleveland, Oklahoma",United States,location,1,389
OK210,OK,210,Clinton,Clinton,,Oklahoma,"Clinton, Oklahoma",United States,location,2,389
OK220,OK,220,Coalgate,Coalgate,,Oklahoma,"Coalgate, Oklahoma",United States,location,1,389
OK245,OK,245,Coyle,Coyle,,Oklahoma,"Coyle, Oklahoma",United States,location,1,389
OK280,OK,280,Duncan,Duncan,,Oklahoma,"Duncan, Oklahoma",United States,location,4,389
OK295,OK,295,Dustin,Dustin,,Oklahoma,"Dustin, Oklahoma",United States,location,1,390
OK320,OK,320,El Reno,El Reno,,Oklahoma,"El Reno, Oklahoma",United States,location,2,390
OK330,OK,330,Enid,Enid,,Oklahoma,"Enid, Oklahoma",United States,location,8,390
OK380,OK,380,Guthrie,Guthrie,,Oklahoma,"Guthrie, Oklahoma",United States,location,3,390
OK425,OK,425,Hobart,Hobart,,Oklahoma,"Hobart, Oklahoma",United States,location,2,390
OK450,OK,450,Hollis,Hollis,,Oklahoma,"Hollis, Oklahoma",United States,location,1,390
OK490,OK,490,Kingfisher,Kingfisher,,Oklahoma,"Kingfisher, Oklahoma",United States,location,1,391
OK510,OK,510,Lawton,Lawton,,Oklahoma,"Lawton, Oklahoma",United States,location,5,391
OK540,OK,540,Mangum,Mangum,,Oklahoma,"Mangum, Oklahoma",United States,location,1,391
OK570,OK,570,McAlester,McAlester,,Oklahoma,"McAlester, Oklahoma",United States,location,1,391
OK590,OK,590,Muskogee,Muskogee,,Oklahoma,"Muskogee, Oklahoma",United States,location,6,391
OK610,OK,610,Norman,Norman,,Oklahoma,"Norman, Oklahoma",United States,location,4,391
OK640,OK,640,Oklahoma City,Oklahoma City,,Oklahoma,"Oklahoma City, Oklahoma",United States,location,15,392
OK660,OK,660,Pauls Valley,Pauls Valley,,Oklahoma,"Pauls Valley, Oklahoma",United States,location,2,392
OK700,OK,700,Ponca City,Ponca City,,Oklahoma,"Ponca City, Oklahoma",United States,location,5,392
OK710,OK,710,Poteau,Poteau,,Oklahoma,"Poteau, Oklahoma",United States,location,1,392
OK725,OK,725,Purcell,Purcell,,Oklahoma,"Purcell, Oklahoma",United States,location,2,392
OK760,OK,760,Sand Springs,Sand Springs,,Oklahoma,"Sand Springs, Oklahoma",United States,location,1,393
OK770,OK,770,Sapulpa,Sapulpa,,Oklahoma,"Sapulpa, Oklahoma",United States,location,3,393
OK795,OK,795,Shattuck,Shattuck,,Oklahoma,"Shattuck, Oklahoma",United States,location,1,393
OK800,OK,800,Shawnee,Shawnee,,Oklahoma,"Shawnee, Oklahoma",United States,location,5,393
OK805,OK,805,Snyder,Snyder,,Oklahoma,"Snyder, Oklahoma",United States,location,1,393
OK810,OK,810,Stillwater,Stillwater,,Oklahoma,"Stillwater, Oklahoma",United States,location,2,393
OK830,OK,830,Tahlequah,Tahlequah,,Oklahoma,"Tahlequah, Oklahoma",United States,location,2,393
OK860,OK,860,Tulsa,Tulsa,,Oklahoma,"Tulsa, Oklahoma",United States,location,26,393
OK900,OK,900,Watonga,Watonga,,Oklahoma,"Watonga, Oklahoma",United States,location,1,394
OK910,OK,910,Waurika,Waurika,,Oklahoma,"Waurika, Oklahoma",United States,location,1,394
OK950,OK,950,Weatherford,Weatherford,,Oklahoma,"Weatherford, Oklahoma",United States,location,1,394
OK980,OK,980,Yale,Yale,,Oklahoma,"Yale, Oklahoma",United States,location,1,395
OK998,OK,998,Patterns,Patterns,,Oklahoma,"Patterns, Oklahoma",United States,category,7,395
OK1000,OK,1000,Miscellaneous,Miscellaneous,,Oklahoma,"Miscellaneous, Oklahoma",United States,category,3,395
OR20,OR,20,Albany,Albany,,Oregon,"Albany, Oregon",United States,location,18,396
OR40,OR,40,Ashland,Ashland,,Oregon,"Ashland, Oregon",United States,location,1,396
OR60,OR,60,Astoria,Astoria,,Oregon,"Astoria, Oregon",United States,location,3,396
OR80,OR,80,Baker,Baker,,Oregon,"Baker, Oregon",United States,location,2,397
OR100,OR,100,Bend,Bend,,Oregon,"Bend, Oregon",United States,location,2,397
OR120,OR,120,Burns,Burns,,Oregon,"Burns, Oregon",United States,location,1,397
OR125,OR,125,Canby,Canby,,Oregon,"Canby, Oregon",United States,location,2,397
OR130,OR,130,Coos Bay,Coos Bay,,Oregon,"Coos Bay, Oregon",United States,location,4,397
OR160,OR,160,Corvallis,Corvallis,,Oregon,"Corvallis, Oregon",United States,location,13,397
OR240,OR,240,Eugene,Eugene,,Oregon,"Eugene, Oregon",United States,location,15,397
OR300,OR,300,Heppner,Heppner,,Oregon,"Heppner, Oregon",United States,location,1,398
OR340,OR,340,Hood River,Hood River,,Oregon,"Hood River, Oregon",United States,location,1,398
OR400,OR,400,Klamath Falls,Klamath Falls,,Oregon,"Klamath Falls, Oregon",United States,location,9,398
OR420,OR,420,La Grande,La Grande,,Oregon,"La Grande, Oregon",United States,location,1,399
OR460,OR,460,Lebanon,Lebanon,,Oregon,"Lebanon, Oregon",United States,location,1,399
OR500,OR,500,McMinnville,McMinnville,,Oregon,"McMinnville, Oregon",United States,location,1,399
OR520,OR,520,Medford,Medford,,Oregon,"Medford, Oregon",United States,location,3,399
OR580,OR,580,Newport,Newport,,Oregon,"Newport, Oregon",United States,location,1,399
OR680,OR,680,Pendleton,Pendleton,,Oregon,"Pendleton, Oregon",United States,location,2,399
OR700,OR,700,Portland,Portland,,Oregon,"Portland, Oregon",United States,location,27,399
OR760,OR,760,Roseburg,Roseburg,,Oregon,"Roseburg, Oregon",United States,location,3,401
OR800,OR,800,Salem,Salem,,Oregon,"Salem, Oregon",United States,location,26,401
OR810,OR,810,Sandy,Sandy,,Oregon,"Sandy, Oregon",United States,location,1,402
OR820,OR,820,Seaside,Seaside,,Oregon,"Seaside, Oregon",United States,location,2,402
OR850,OR,850,St. Helens,St. Helens,,Oregon,"St. Helens, Oregon",United States,location,1,402
OR880,OR,880,The Dalles,The Dalles,,Oregon,"The Dalles, Oregon",United States,location,3,402
OR900,OR,900,Tillamook,Tillamook,,Oregon,"Tillamook, Oregon",United States,location,1,402
OR920,OR,920,Toledo,Toledo,,Oregon,"Toledo, Oregon",United States,location,2,402
OR945,OR,945,Waldport,Waldport,,Oregon,"Waldport, Oregon",United States,location,1,402
OR950,OR,950,Warm Springs,Warm Springs,,Oregon,"Warm Springs, Oregon",United States,location,1,402
OR970,OR,970,West Salem,West Salem,,Oregon,"West Salem, Oregon",United States,location,3,402
OR980,OR,980,Winston,Winston,,Oregon,"Winston, Oregon",United States,location,1,402
OR998,OR,998,Patterns,Patterns,,Oregon,"Patterns, Oregon",United States,category,6,403
OR1000,OR,1000,Miscellaneous,Miscellaneous,,Oregon,"Miscellaneous, Oregon",United States,category,1,403
PA10,PA,10,Aliquippa,Aliquippa,,Pennsylvania,"Aliquippa, Pennsylvania",United States,location,6,404
PA15,PA,15,Allentown,Allentown,,Pennsylvania,"Allentown, Pennsylvania",United States,location,19,404
PA20,PA,20,Altoona,Altoona,,Pennsylvania,"Altoona, Pennsylvania",United States,location,5,405
PA25,PA,25,Ambridge,Ambridge,,Pennsylvania,"Ambridge, Pennsylvania",United States,location,5,405
PA55,PA,55,Aspinwall,Aspinwall,,Pennsylvania,"Aspinwall, Pennsylvania",United States,location,1,405
PA57,PA,57,Athens,Athens,,Pennsylvania,"Athens, Pennsylvania",United States,location,6,405
PA65,PA,65,Beaver Falls,Beaver Falls,,Pennsylvania,"Beaver Falls, Pennsylvania",United States,location,19,405
PA70,PA,70,Beaver Meadows,Beaver Meadows,,Pennsylvania,"Beaver Meadows, Pennsylvania",United States,location,3,406
PA71,PA,71,Beaver Turnpike,Beaver Turnpike,,Pennsylvania,"Beaver Turnpike, Pennsylvania",United States,location,1,406
PA73,PA,73,Belle Vernon,Belle Vernon,,Pennsylvania,"Belle Vernon, Pennsylvania",United States,location,1,406
PA85,PA,85,Bethlehem,Bethlehem,,Pennsylvania,"Bethlehem, Pennsylvania",United States,location,2,406
PA90,PA,90,Blossburg,Blossburg,,Pennsylvania,"Blossburg, Pennsylvania",United States,location,1,406
PA105,PA,105,Braddock,Braddock,,Pennsylvania,"Braddock, Pennsylvania",United States,location,2,407
PA110,PA,110,Bradford,Bradford,,Pennsylvania,"Bradford, Pennsylvania",United States,location,7,407
PA115,PA,115,Bradys Bend,Bradys Bend,,Pennsylvania,"Bradys Bend, Pennsylvania",United States,location,2,407
PA125,PA,125,Bristol,Bristol,,Pennsylvania,"Bristol, Pennsylvania",United States,location,2,407
PA130,PA,130,Broad Ford,Broad Ford,,Pennsylvania,"Broad Ford, Pennsylvania",United States,location,2,407
PA135,PA,135,Brownsville,Brownsville,,Pennsylvania,"Brownsville, Pennsylvania",United States,location,2,407
PA137,PA,137,Bucks County Turnpikes,Bucks County Turnpikes,,Pennsylvania,"Bucks County Turnpikes, Pennsylvania",United States,location,4,407
PA140,PA,140,Bunola,Bunola,,Pennsylvania,"Bunola, Pennsylvania",United States,location,2,407
PA142,PA,142,Butler,Butler,,Pennsylvania,"Butler, Pennsylvania",United States,location,8,408
PA145,PA,145,California,California,,Pennsylvania,"California, Pennsylvania",United States,location,1,408
PA146,PA,146,Camp Hill,Camp Hill,,Pennsylvania,"Camp Hill, Pennsylvania",United States,location,3,408
PA150,PA,150,Carbondale,Carbondale,,Pennsylvania,"Carbondale, Pennsylvania",United States,location,2,408
PA155,PA,155,Carlisle,Carlisle,,Pennsylvania,"Carlisle, Pennsylvania",United States,location,2,408
PA165,PA,165,Carrick,Carrick,,Pennsylvania,"Carrick, Pennsylvania",United States,location,9,408
PA175,PA,175,Chambersburg,Chambersburg,,Pennsylvania,"Chambersburg, Pennsylvania",United States,location,6,409
PA180,PA,180,Charleroi,Charleroi,,Pennsylvania,"Charleroi, Pennsylvania",United States,location,11,409
PA190,PA,190,Chester,Chester,,Pennsylvania,"Chester, Pennsylvania",United States,location,3,409
PA195,PA,195,Clairton,Clairton,,Pennsylvania,"Clairton, Pennsylvania",United States,location,13,409
PA200,PA,200,Clearfield,Clearfield,,Pennsylvania,"Clearfield, Pennsylvania",United States,location,6,410
PA235,PA,235,Conshohocken,Conshohocken,,Pennsylvania,"Conshohocken, Pennsylvania",United States,location,2,410
PA255,PA,255,Danville,Danville,,Pennsylvania,"Danville, Pennsylvania",United States,location,1,410
PA260,PA,260,Dawson,Dawson,,Pennsylvania,"Dawson, Pennsylvania",United States,location,1,410
PA263,PA,263,Delaware River Bridges,Delaware River Bridges,,Pennsylvania,"Delaware River Bridges, Pennsylvania",United States,location,4,410
PA265,PA,265,Derry,Derry,,Pennsylvania,"Derry, Pennsylvania",United States,location,1,410
PA280,PA,280,Donora,Donora,,Pennsylvania,"Donora, Pennsylvania",United States,location,2,410
PA293,PA,293,Doylestown,Doylestown,,Pennsylvania,"Doylestown, Pennsylvania",United States,location,4,411
PA295,PA,295,Dubois,Dubois,,Pennsylvania,"Dubois, Pennsylvania",United States,location,3,411
PA305,PA,305,Duquesne,Duquesne,,Pennsylvania,"Duquesne, Pennsylvania",United States,location,5,411
PA310,PA,310,East Bangor,East Bangor,,Pennsylvania,"East Bangor, Pennsylvania",United States,location,1,411
PA315,PA,315,East Brady,East Brady,,Pennsylvania,"East Brady, Pennsylvania",United States,location,3,411
PA320,PA,320,Easton,Easton,,Pennsylvania,"Easton, Pennsylvania",United States,location,3,411
PA325,PA,325,East Pittsburgh,East Pittsburgh,,Pennsylvania,"East Pittsburgh, Pennsylvania",United States,location,5,411
PA340,PA,340,Ellwood City,Ellwood City,,Pennsylvania,"Ellwood City, Pennsylvania",United States,location,5,412
PA350,PA,350,Emlenton,Emlenton,,Pennsylvania,"Emlenton, Pennsylvania",United States,location,4,412
PA355,PA,355,Emporium,Emporium,,Pennsylvania,"Emporium, Pennsylvania",United States,location,0,412
PA360,PA,360,Erie,Erie,,Pennsylvania,"Erie, Pennsylvania",United States,location,6,412
PA375,PA,375,Ford City,Ford City,,Pennsylvania,"Ford City, Pennsylvania",United States,location,2,412
PA385,PA,385,Foxburg,Foxburg,,Pennsylvania,"Foxburg, Pennsylvania",United States,location,4,412
PA395,PA,395,Franklin,Franklin,,Pennsylvania,"Franklin, Pennsylvania",United States,location,2,412
PA400,PA,400,Freeland,Freeland,,Pennsylvania,"Freeland, Pennsylvania",United States,location,5,413
PA405,PA,405,Gettysburg,Gettysburg,,Pennsylvania,"Gettysburg, Pennsylvania",United States,location,1,413
PA415,PA,415,Glenshaw,Glenshaw,,Pennsylvania,"Glenshaw, Pennsylvania",United States,location,1,413
PA420,PA,420,Greensburg,Greensburg,,Pennsylvania,"Greensburg, Pennsylvania",United States,location,3,413
PA425,PA,425,Greentree,Greentree,,Pennsylvania,"Greentree, Pennsylvania",United States,location,4,413
PA430,PA,430,Greenville,Greenville,,Pennsylvania,"Greenville, Pennsylvania",United States,location,1,413
PA440,PA,440,Hanover,Hanover,,Pennsylvania,"Hanover, Pennsylvania",United States,location,5,413
PA445,PA,445,Harrisburg,Harrisburg,,Pennsylvania,"Harrisburg, Pennsylvania",United States,location,5,414
PA455,PA,455,Hazleton,Hazleton,,Pennsylvania,"Hazleton, Pennsylvania",United States,location,7,414
PA458,PA,458,Hershey,Hershey,,Pennsylvania,"Hershey, Pennsylvania",United States,location,1,414
PA460,PA,460,Hollidaysburg,Hollidaysburg,,Pennsylvania,"Hollidaysburg, Pennsylvania",United States,location,4,414
PA463,PA,463,Homestead,Homestead,,Pennsylvania,"Homestead, Pennsylvania",United States,location,1,414
PA465,PA,465,Houston,Houston,,Pennsylvania,"Houston, Pennsylvania",United States,location,1,414
PA470,PA,470,Huntingdon,Huntingdon,,Pennsylvania,"Huntingdon, Pennsylvania",United States,location,1,414
PA475,PA,475,Indiana,Indiana,,Pennsylvania,"Indiana, Pennsylvania",United States,location,1,415
PA480,PA,480,Jacobs Creek,Jacobs Creek,,Pennsylvania,"Jacobs Creek, Pennsylvania",United States,location,2,415
PA485,PA,485,Jeannette,Jeannette,,Pennsylvania,"Jeannette, Pennsylvania",United States,location,1,415
PA490,PA,490,Jersey Shore,Jersey Shore,,Pennsylvania,"Jersey Shore, Pennsylvania",United States,location,1,415
PA495,PA,495,Johnstown,Johnstown,,Pennsylvania,"Johnstown, Pennsylvania",United States,location,32,415
PA515,PA,515,Kittanning,Kittanning,,Pennsylvania,"Kittanning, Pennsylvania",United States,location,3,416
PA525,PA,525,Lancaster,Lancaster,,Pennsylvania,"Lancaster, Pennsylvania",United States,location,17,416
PA545,PA,545,Lebanon,Lebanon,,Pennsylvania,"Lebanon, Pennsylvania",United States,location,2,419
PA555,PA,555,Leechburg,Leechburg,,Pennsylvania,"Leechburg, Pennsylvania",United States,location,2,419
PA565,PA,565,Lemoyne,Lemoyne,,Pennsylvania,"Lemoyne, Pennsylvania",United States,location,5,419
PA570,PA,570,Lewistown,Lewistown,,Pennsylvania,"Lewistown, Pennsylvania",United States,location,2,419
PA573,PA,573,Liverpool,Liverpool,,Pennsylvania,"Liverpool, Pennsylvania",United States,location,3,419
PA575,PA,575,Lock Haven,Lock Haven,,Pennsylvania,"Lock Haven, Pennsylvania",United States,location,5,419
PA585,PA,585,Lykens,Lykens,,Pennsylvania,"Lykens, Pennsylvania",United States,location,1,420
PA590,PA,590,Mahanoy City,Mahanoy City,,Pennsylvania,"Mahanoy City, Pennsylvania",United States,location,4,420
PA595,PA,595,Marcus Hook,Marcus Hook,,Pennsylvania,"Marcus Hook, Pennsylvania",United States,location,2,420
PA605,PA,605,McKeesport,McKeesport,,Pennsylvania,"McKeesport, Pennsylvania",United States,location,15,420
PA615,PA,615,Meadville,Meadville,,Pennsylvania,"Meadville, Pennsylvania",United States,location,16,420
PA620,PA,620,Millersburg,Millersburg,,Pennsylvania,"Millersburg, Pennsylvania",United States,location,1,421
PA630,PA,630,Milmont Park,Milmont Park,,Pennsylvania,"Milmont Park, Pennsylvania",United States,location,4,421
PA645,PA,645,Minersville,Minersville,,Pennsylvania,"Minersville, Pennsylvania",United States,location,2,421
PA650,PA,650,Monessen,Monessen,,Pennsylvania,"Monessen, Pennsylvania",United States,location,6,421
PA655,PA,655,Monongahela,Monongahela,,Pennsylvania,"Monongahela, Pennsylvania",United States,location,1,421
PA660,PA,660,Morrisville,Morrisville,,Pennsylvania,"Morrisville, Pennsylvania",United States,location,1,422
PA675,PA,675,Munhall,Munhall,,Pennsylvania,"Munhall, Pennsylvania",United States,location,5,422
PA680,PA,680,Nanticoke,Nanticoke,,Pennsylvania,"Nanticoke, Pennsylvania",United States,location,3,422
PA695,PA,695,New Castle,New Castle,,Pennsylvania,"New Castle, Pennsylvania",United States,location,5,422
PA700,PA,700,New Hope,New Hope,,Pennsylvania,"New Hope, Pennsylvania",United States,location,1,422
PA705,PA,705,Norristown,Norristown,,Pennsylvania,"Norristown, Pennsylvania",United States,location,6,422
PA720,PA,720,North Wales,North Wales,,Pennsylvania,"North Wales, Pennsylvania",United States,location,1,423
PA723,PA,723,Oakmont,Oakmont,,Pennsylvania,"Oakmont, Pennsylvania",United States,location,1,423
PA725,PA,725,Oil City,Oil City,,Pennsylvania,"Oil City, Pennsylvania",United States,location,11,423
PA745,PA,745,Parkers Landing,Parkers Landing,,Pennsylvania,"Parkers Landing, Pennsylvania",United States,location,5,423
PA750,PA,750,Philadelphia,Philadelphia,,Pennsylvania,"Philadelphia, Pennsylvania",United States,location,63,423
PA751,PA,751,Reading Railroad Cardboard,Reading Railroad Cardboard,,Pennsylvania,"Reading Railroad Cardboard, Pennsylvania",United States,location,5,426
PA755,PA,755,Philipsburg,Philipsburg,,Pennsylvania,"Philipsburg, Pennsylvania",United States,location,1,426
PA760,PA,760,Pithole City,Pithole City,,Pennsylvania,"Pithole City, Pennsylvania",United States,location,1,426
PA765,PA,765,Pittsburgh,Pittsburgh,,Pennsylvania,"Pittsburgh, Pennsylvania",United States,location,44,426
PA770,PA,770,Pittston,Pittston,,Pennsylvania,"Pittston, Pennsylvania",United States,location,3,428
PA775,PA,775,Plymouth,Plymouth,,Pennsylvania,"Plymouth, Pennsylvania",United States,location,2,428
PA780,PA,780,Pottstown,Pottstown,,Pennsylvania,"Pottstown, Pennsylvania",United States,location,3,428
PA785,PA,785,Pottsville,Pottsville,,Pennsylvania,"Pottsville, Pennsylvania",United States,location,11,428
PA805,PA,805,Reading,Reading,,Pennsylvania,"Reading, Pennsylvania",United States,location,3,429
PA810,PA,810,Rochester,Rochester,,Pennsylvania,"Rochester, Pennsylvania",United States,location,1,429
PA815,PA,815,Rockhill Furnace,Rockhill Furnace,,Pennsylvania,"Rockhill Furnace, Pennsylvania",United States,location,1,429
PA840,PA,840,Scranton,Scranton,,Pennsylvania,"Scranton, Pennsylvania",United States,location,8,429
PA850,PA,850,Sharon,Sharon,,Pennsylvania,"Sharon, Pennsylvania",United States,location,4,430
PA860,PA,860,Shippingport,Shippingport,,Pennsylvania,"Shippingport, Pennsylvania",United States,location,1,430
PA865,PA,865,State College,State College,,Pennsylvania,"State College, Pennsylvania",United States,location,3,430
PA870,PA,870,Stroudsburg,Stroudsburg,,Pennsylvania,"Stroudsburg, Pennsylvania",United States,location,3,430
PA875,PA,875,Sunbury,Sunbury,,Pennsylvania,"Sunbury, Pennsylvania",United States,location,1,430
PA905,PA,905,Thompsontown,Thompsontown,,Pennsylvania,"Thompsontown, Pennsylvania",United States,location,6,430
PA920,PA,920,Turtle Creek,Turtle Creek,,Pennsylvania,"Turtle Creek, Pennsylvania",United States,location,3,430
PA930,PA,930,Uniontown,Uniontown,,Pennsylvania,"Uniontown, Pennsylvania",United States,location,6,430
PA935,PA,935,Upper Darby,Upper Darby,,Pennsylvania,"Upper Darby, Pennsylvania",United States,location,2,431
PA940,PA,940,Vandergrift,Vandergrift,,Pennsylvania,"Vandergrift, Pennsylvania",United States,location,3,431
PA945,PA,945,Warren,Warren,,Pennsylvania,"Warren, Pennsylvania",United States,location,3,431
PA950,PA,950,Washington,Washington,,Pennsylvania,"Washington, Pennsylvania",United States,location,13,431
PA955,PA,955,Waynesburg,Waynesburg,,Pennsylvania,"Waynesburg, Pennsylvania",United States,location,1,432
PA965,PA,965,West Elizabeth,West Elizabeth,,Pennsylvania,"West Elizabeth, Pennsylvania",United States,location,13,432
PA970,PA,970,West Hickory,West Hickory,,Pennsylvania,"West Hickory, Pennsylvania",United States,location,1,433
PA975,PA,975,West Leisenring,West Leisenring,,Pennsylvania,"West Leisenring, Pennsylvania",United States,location,5,433
PA980,PA,980,Whitaker,Whitaker,,Pennsylvania,"Whitaker, Pennsylvania",United States,location,1,433
PA985,PA,985,Wilkes-Barre,Wilkes-Barre,,Pennsylvania,"Wilkes-Barre, Pennsylvania",United States,location,17,433
PA990,PA,990,Williamsport,Williamsport,,Pennsylvania,"Williamsport, Pennsylvania",United States,location,7,433
PA991,PA,991,Willow Grove,Willow Grove,,Pennsylvania,"Willow Grove, Pennsylvania",United States,location,2,434
PA995,PA,995,York,York,,Pennsylvania,"York, Pennsylvania",United States,location,4,434
PA996,PA,996,York County Turnpikes,York County Turnpikes,,Pennsylvania,"York County Turnpikes, Pennsylvania",United States,location,10,434
PA997,PA,997,Zone Checks,Zone Checks,,Pennsylvania,"Zone Checks, Pennsylvania",United States,category,23,435
PA998,PA,998,Patterns,Patterns,,Pennsylvania,"Patterns, Pennsylvania",United States,category,32,435
PA999,PA,999,Passes,Passes,,Pennsylvania,"Passes, Pennsylvania",United States,category,4,436
PA1000,PA,1000,Miscellaneous,Miscellaneous,,Pennsylvania,"Miscellaneous, Pennsylvania",United States,category,9,437
RI120,RI,120,Bristol,Bristol,,Rhode Island,"Bristol, Rhode Island",United States,location,2,438
RI520,RI,520,Newport,Newport,,Rhode Island,"Newport, Rhode Island",United States,location,10,438
RI521,RI,521,Newport Bridge,Newport Bridge,,Rhode Island,"Newport Bridge, Rhode Island",United States,location,18,438
RI620,RI,620,Pawtucket,Pawtucket,,Rhode Island,"Pawtucket, Rhode Island",United States,location,3,439
RI700,RI,700,Providence,Providence,,Rhode Island,"Providence, Rhode Island",United States,location,19,439
RI998,RI,998,Patterns,Patterns,,Rhode Island,"Patterns, Rhode Island",United States,category,2,440
SC20,SC,20,Aiken,Aiken,,South Carolina,"Aiken, South Carolina",United States,location,8,442
SC40,SC,40,Anderson,Anderson,,South Carolina,"Anderson, South Carolina",United States,location,1,442
SC110,SC,110,Belton,Belton,,South Carolina,"Belton, South Carolina",United States,location,1,442
SC155,SC,155,Bluffton,Bluffton,,South Carolina,"Bluffton, South Carolina",United States,location,1,442
SC190,SC,190,Burton,Burton,,South Carolina,"Burton, South Carolina",United States,location,2,442
SC210,SC,210,Camden,Camden,,South Carolina,"Camden, South Carolina",United States,location,1,442
SC240,SC,240,Charleston,Charleston,,South Carolina,"Charleston, South Carolina",United States,location,3,442
SC310,SC,310,Columbia,Columbia,,South Carolina,"Columbia, South Carolina",United States,location,12,442
SC320,SC,320,Conway,Conway,,South Carolina,"Conway, South Carolina",United States,location,1,443
SC430,SC,430,Florence,Florence,,South Carolina,"Florence, South Carolina",United States,location,7,443
SC450,SC,450,Gaffney,Gaffney,,South Carolina,"Gaffney, South Carolina",United States,location,5,443
SC460,SC,460,Georgetown,Georgetown,,South Carolina,"Georgetown, South Carolina",United States,location,2,443
SC490,SC,490,Greenville,Greenville,,South Carolina,"Greenville, South Carolina",United States,location,4,444
SC500,SC,500,Greenwood,Greenwood,,South Carolina,"Greenwood, South Carolina",United States,location,3,444
SC560,SC,560,Kingstree,Kingstree,,South Carolina,"Kingstree, South Carolina",United States,location,1,444
SC650,SC,650,Marion,Marion,,South Carolina,"Marion, South Carolina",United States,location,2,444
SC690,SC,690,Myrtle Beach,Myrtle Beach,,South Carolina,"Myrtle Beach, South Carolina",United States,location,1,444
SC730,SC,730,North Augusta,North Augusta,,South Carolina,"North Augusta, South Carolina",United States,location,2,444
SC750,SC,750,Orangeburg,Orangeburg,,South Carolina,"Orangeburg, South Carolina",United States,location,1,444
SC840,SC,840,Spartanburg,Spartanburg,,South Carolina,"Spartanburg, South Carolina",United States,location,6,444
SC860,SC,860,Sumter,Sumter,,South Carolina,"Sumter, South Carolina",United States,location,2,444
SC880,SC,880,Union,Union,,South Carolina,"Union, South Carolina",United States,location,2,444
SC998,SC,998,Patterns,Patterns,,South Carolina,"Patterns, South Carolina",United States,category,1,445
SC1000,SC,1000,Miscellaneous,Miscellaneous,,South Carolina,"Miscellaneous, South Carolina",United States,category,2,445
SD10,SD,10,Aberdeen,Aberdeen,,South Dakota,"Aberdeen, South Dakota",United States,location,8,446
SD100,SD,100,Brookings,Brookings,,South Dakota,"Brookings, South Dakota",United States,location,5,446
SD260,SD,260,Deadwood,Deadwood,,South Dakota,"Deadwood, South Dakota",United States,location,10,446
SD270,SD,270,Dell Rapids,Dell Rapids,,South Dakota,"Dell Rapids, South Dakota",United States,location,1,447
SD320,SD,320,Faulkton,Faulkton,,South Dakota,"Faulkton, South Dakota",United States,location,1,447
SD370,SD,370,Fort Meade,Fort Meade,,South Dakota,"Fort Meade, South Dakota",United States,location,2,447
SD380,SD,380,Fort Pierre,Fort Pierre,,South Dakota,"Fort Pierre, South Dakota",United States,location,3,447
SD390,SD,390,Freeman,Freeman,,South Dakota,"Freeman, South Dakota",United States,location,1,447
SD480,SD,480,Huron,Huron,,South Dakota,"Huron, South Dakota",United States,location,6,447
SD680,SD,680,Mitchell,Mitchell,,South Dakota,"Mitchell, South Dakota",United States,location,18,448
SD725,SD,725,Nowlin,Nowlin,,South Dakota,"Nowlin, South Dakota",United States,location,1,448
SD760,SD,760,Pierre,Pierre,,South Dakota,"Pierre, South Dakota",United States,location,1,449
SD780,SD,780,Rapid City,Rapid City,,South Dakota,"Rapid City, South Dakota",United States,location,5,449
SD840,SD,840,Sioux Falls,Sioux Falls,,South Dakota,"Sioux Falls, South Dakota",United States,location,6,449
SD850,SD,850,Sisseton,Sisseton,,South Dakota,"Sisseton, South Dakota",United States,location,2,449
SD860,SD,860,Spearfish,Spearfish,,South Dakota,"Spearfish, South Dakota",United States,location,4,449
SD890,SD,890,Springfield,Springfield,,South Dakota,"Springfield, South Dakota",United States,location,4,449
SD900,SD,900,Sturgis,Sturgis,,South Dakota,"Sturgis, South Dakota",United States,location,4,449
SD950,SD,950,Watertown,Watertown,,South Dakota,"Watertown, South Dakota",United States,location,6,450
SD970,SD,970,Wessington Springs,Wessington Springs,,South Dakota,"Wessington Springs, South Dakota",United States,location,2,450
SD980,SD,980,Yankton,Yankton,,South Dakota,"Yankton, South Dakota",United States,location,1,450
SD998,SD,998,Patterns,Patterns,,South Dakota,"Patterns, South Dakota",United States,category,5,450
SD1000,SD,1000,Miscellaneous,Miscellaneous,,South Dakota,"Miscellaneous, South Dakota",United States,category,21,450
TN20,TN,20,Alcoa,Alcoa,,Tennessee,"Alcoa, Tennessee",United States,location,6,454
TN75,TN,75,Bristol,Bristol,,Tennessee,"Bristol, Tennessee",United States,location,14,454
TN120,TN,120,Chattanooga,Chattanooga,,Tennessee,"Chattanooga, Tennessee",United States,location,10,454
TN140,TN,140,Cleveland,Cleveland,,Tennessee,"Cleveland, Tennessee",United States,location,1,455
TN160,TN,160,Columbia,Columbia,,Tennessee,"Columbia, Tennessee",United States,location,1,455
TN215,TN,215,Dyersburg,Dyersburg,,Tennessee,"Dyersburg, Tennessee",United States,location,2,455
TN250,TN,250,Elizabethton,Elizabethton,,Tennessee,"Elizabethton, Tennessee",United States,location,1,455
TN280,TN,280,Fayetteville,Fayetteville,,Tennessee,"Fayetteville, Tennessee",United States,location,2,455
TN300,TN,300,Franklin,Franklin,,Tennessee,"Franklin, Tennessee",United States,location,1,455
TN320,TN,320,Gatlinburg,Gatlinburg,,Tennessee,"Gatlinburg, Tennessee",United States,location,4,455
TN345,TN,345,Harriman,Harriman,,Tennessee,"Harriman, Tennessee",United States,location,4,455
TN360,TN,360,Humboldt,Humboldt,,Tennessee,"Humboldt, Tennessee",United States,location,1,456
TN375,TN,375,Jackson,Jackson,,Tennessee,"Jackson, Tennessee",United States,location,5,456
TN400,TN,400,Johnson City,Johnson City,,Tennessee,"Johnson City, Tennessee",United States,location,7,456
TN415,TN,415,Kingsport,Kingsport,,Tennessee,"Kingsport, Tennessee",United States,location,8,456
TN430,TN,430,Knoxville,Knoxville,,Tennessee,"Knoxville, Tennessee",United States,location,28,457
TN490,TN,490,Lewisburg,Lewisburg,,Tennessee,"Lewisburg, Tennessee",United States,location,1,458
TN540,TN,540,Maryville,Maryville,,Tennessee,"Maryville, Tennessee",United States,location,4,458
TN600,TN,600,Memphis,Memphis,,Tennessee,"Memphis, Tennessee",United States,location,17,458
TN690,TN,690,Nashville,Nashville,,Tennessee,"Nashville, Tennessee",United States,location,16,459
TN710,TN,710,Oak Ridge,Oak Ridge,,Tennessee,"Oak Ridge, Tennessee",United States,location,2,459
TN775,TN,775,Pigeon Forge,Pigeon Forge,,Tennessee,"Pigeon Forge, Tennessee",United States,location,2,459
TN998,TN,998,Patterns,Patterns,,Tennessee,"Patterns, Tennessee",United States,category,7,459
TN1000,TN,1000,Miscellaneous,Miscellaneous,,Tennessee,"Miscellaneous, Tennessee",United States,category,2,460
TX5,TX,5,Abilene,Abilene,,Texas,"Abilene, Texas",United States,location,5,462
TX30,TX,30,Amarillo,Amarillo,,Texas,"Amarillo, Texas",United States,location,5,462
TX40,TX,40,Arlington,Arlington,,Texas,"Arlington, Texas",United States,location,3,462
TX50,TX,50,Austin,Austin,,Texas,"Austin, Texas",United States,location,21,462
TX55,TX,55,Bastrop,Bastrop,,Texas,"Bastrop, Texas",United States,location,5,463
TX60,TX,60,Baytown,Baytown,,Texas,"Baytown, Texas",United States,location,1,463
TX65,TX,65,Beaumont,Beaumont,,Texas,"Beaumont, Texas",United States,location,9,463
TX75,TX,75,Belton,Belton,,Texas,"Belton, Texas",United States,location,1,464
TX85,TX,85,Boerne,Boerne,,Texas,"Boerne, Texas",United States,location,1,464
TX95,TX,95,Bonham,Bonham,,Texas,"Bonham, Texas",United States,location,1,464
TX115,TX,115,Brady,Brady,,Texas,"Brady, Texas",United States,location,1,464
TX120,TX,120,Brenham,Brenham,,Texas,"Brenham, Texas",United States,location,1,464
TX135,TX,135,Brownsville,Brownsville,,Texas,"Brownsville, Texas",United States,location,9,464
TX140,TX,140,Brownwood,Brownwood,,Texas,"Brownwood, Texas",United States,location,3,464
TX145,TX,145,Bryan,Bryan,,Texas,"Bryan, Texas",United States,location,11,465
TX160,TX,160,Canyon,Canyon,,Texas,"Canyon, Texas",United States,location,2,465
TX220,TX,220,Corpus Christi,Corpus Christi,,Texas,"Corpus Christi, Texas",United States,location,4,465
TX225,TX,225,Corsicana,Corsicana,,Texas,"Corsicana, Texas",United States,location,1,466
TX255,TX,255,Dallas,Dallas,,Texas,"Dallas, Texas",United States,location,32,466
TX256,TX,256,Dallas-Fort Worth Turnpike,Dallas-Fort Worth Turnpike,,Texas,"Dallas-Fort Worth Turnpike, Texas",United States,location,1,467
TX265,TX,265,Del Rio,Del Rio,,Texas,"Del Rio, Texas",United States,location,1,467
TX270,TX,270,Denison,Denison,,Texas,"Denison, Texas",United States,location,2,467
TX275,TX,275,Denton,Denton,,Texas,"Denton, Texas",United States,location,7,467
TX301,TX,301,Eagle Pass,Eagle Pass,,Texas,"Eagle Pass, Texas",United States,location,2,467
TX315,TX,315,Electra,Electra,,Texas,"Electra, Texas",United States,location,2,468
TX320,TX,320,El Paso,El Paso,,Texas,"El Paso, Texas",United States,location,18,468
TX330,TX,330,Floydada,Floydada,,Texas,"Floydada, Texas",United States,location,1,468
TX340,TX,340,Fort Worth,Fort Worth,,Texas,"Fort Worth, Texas",United States,location,23,468
TX350,TX,350,Frisco,Frisco,,Texas,"Frisco, Texas",United States,location,7,470
TX355,TX,355,Gainesville,Gainesville,,Texas,"Gainesville, Texas",United States,location,2,470
TX360,TX,360,Galveston,Galveston,,Texas,"Galveston, Texas",United States,location,16,470
TX365,TX,365,Garland,Garland,,Texas,"Garland, Texas",United States,location,1,471
TX370,TX,370,Gatesville,Gatesville,,Texas,"Gatesville, Texas",United States,location,1,471
TX385,TX,385,Gonzales,Gonzales,,Texas,"Gonzales, Texas",United States,location,1,471
TX400,TX,400,Greenville,Greenville,,Texas,"Greenville, Texas",United States,location,2,471
TX420,TX,420,Haskell,Haskell,,Texas,"Haskell, Texas",United States,location,2,471
TX445,TX,445,Houston,Houston,,Texas,"Houston, Texas",United States,location,31,471
TX455,TX,455,Huntsville,Huntsville,,Texas,"Huntsville, Texas",United States,location,1,473
TX460,TX,460,Irving,Irving,,Texas,"Irving, Texas",United States,location,1,473
TX465,TX,465,Jacksonville,Jacksonville,,Texas,"Jacksonville, Texas",United States,location,1,473
TX495,TX,495,Kerrville,Kerrville,,Texas,"Kerrville, Texas",United States,location,1,473
TX502,TX,502,Killeen,Killeen,,Texas,"Killeen, Texas",United States,location,4,473
TX530,TX,530,Laredo,Laredo,,Texas,"Laredo, Texas",United States,location,1,473
TX531,TX,531,Laredo (Mexican),Laredo (Mexican),,Texas,"Laredo (Mexican), Texas",United States,location,5,473
TX555,TX,555,Lockhart,Lockhart,,Texas,"Lockhart, Texas",United States,location,2,474
TX560,TX,560,Longview,Longview,,Texas,"Longview, Texas",United States,location,1,474
TX565,TX,565,Lubbock,Lubbock,,Texas,"Lubbock, Texas",United States,location,4,474
TX570,TX,570,Lufkin,Lufkin,,Texas,"Lufkin, Texas",United States,location,2,474
TX580,TX,580,Luling,Luling,,Texas,"Luling, Texas",United States,location,6,474
TX590,TX,590,Marshall,Marshall,,Texas,"Marshall, Texas",United States,location,3,475
TX630,TX,630,Midland,Midland,,Texas,"Midland, Texas",United States,location,2,475
TX640,TX,640,Mineral Wells,Mineral Wells,,Texas,"Mineral Wells, Texas",United States,location,4,475
TX690,TX,690,Orange,Orange,,Texas,"Orange, Texas",United States,location,2,475
TX710,TX,710,Paris,Paris,,Texas,"Paris, Texas",United States,location,6,475
TX750,TX,750,Plainview,Plainview,,Texas,"Plainview, Texas",United States,location,5,475
TX760,TX,760,Port Arthur,Port Arthur,,Texas,"Port Arthur, Texas",United States,location,6,475
TX770,TX,770,Quanah,Quanah,,Texas,"Quanah, Texas",United States,location,4,476
TX801,TX,801,Sabanno,Sabanno,,Texas,"Sabanno, Texas",United States,location,1,476
TX805,TX,805,San Angelo,San Angelo,,Texas,"San Angelo, Texas",United States,location,4,476
TX810,TX,810,San Antonio,San Antonio,,Texas,"San Antonio, Texas",United States,location,55,476
TX825,TX,825,San Marcos,San Marcos,,Texas,"San Marcos, Texas",United States,location,1,478
TX835,TX,835,Seymour,Seymour,,Texas,"Seymour, Texas",United States,location,1,478
TX840,TX,840,Sherman,Sherman,,Texas,"Sherman, Texas",United States,location,6,478
TX865,TX,865,Stamford,Stamford,,Texas,"Stamford, Texas",United States,location,1,479
TX875,TX,875,Sulphur Springs,Sulphur Springs,,Texas,"Sulphur Springs, Texas",United States,location,1,479
TX890,TX,890,Taylor,Taylor,,Texas,"Taylor, Texas",United States,location,2,479
TX900,TX,900,Temple,Temple,,Texas,"Temple, Texas",United States,location,4,479
TX915,TX,915,Texas Turnpikes,Texas Turnpikes,,Texas,"Texas Turnpikes, Texas",United States,location,2,479
TX918,TX,918,The Colony,The Colony,,Texas,"The Colony, Texas",United States,location,1,479
TX920,TX,920,The Woodlands,The Woodlands,,Texas,"The Woodlands, Texas",United States,location,1,479
TX925,TX,925,Tyler,Tyler,,Texas,"Tyler, Texas",United States,location,4,479
TX930,TX,930,Valley Mills,Valley Mills,,Texas,"Valley Mills, Texas",United States,location,1,480
TX935,TX,935,Velasco,Velasco,,Texas,"Velasco, Texas",United States,location,1,480
TX940,TX,940,Vernon,Vernon,,Texas,"Vernon, Texas",United States,location,3,480
TX945,TX,945,Victoria,Victoria,,Texas,"Victoria, Texas",United States,location,2,480
TX950,TX,950,Waco,Waco,,Texas,"Waco, Texas",United States,location,7,480
TX955,TX,955,Waxahachie,Waxahachie,,Texas,"Waxahachie, Texas",United States,location,1,480
TX965,TX,965,Weatherford,Weatherford,,Texas,"Weatherford, Texas",United States,location,12,480
TX985,TX,985,Wichita Falls,Wichita Falls,,Texas,"Wichita Falls, Texas",United States,location,7,481
TX997,TX,997,Zone Passes,Zone Passes,,Texas,"Zone Passes, Texas",United States,location,1,481
TX998,TX,998,Patterns,Patterns,,Texas,"Patterns, Texas",United States,category,8,481
TX1000,TX,1000,Miscellaneous,Miscellaneous,,Texas,"Miscellaneous, Texas",United States,category,14,482
UT125,UT,125,Brigham,Brigham,,Utah,"Brigham, Utah",United States,location,1,484
UT260,UT,260,Ferron,Ferron,,Utah,"Ferron, Utah",United States,location,1,484
UT300,UT,300,Heber City,Heber City,,Utah,"Heber City, Utah",United States,location,1,484
UT400,UT,400,Logan,Logan,,Utah,"Logan, Utah",United States,location,3,484
UT525,UT,525,Ogden,Ogden,,Utah,"Ogden, Utah",United States,location,5,484
UT625,UT,625,Price,Price,,Utah,"Price, Utah",United States,location,1,484
UT650,UT,650,Provo,Provo,,Utah,"Provo, Utah",United States,location,5,484
UT750,UT,750,Salt Lake City,Salt Lake City,,Utah,"Salt Lake City, Utah",United States,location,25,485
UT780,UT,780,Sandy,Sandy,,Utah,"Sandy, Utah",United States,location,2,486
UT800,UT,800,Sunnyside,Sunnyside,,Utah,"Sunnyside, Utah",United States,location,1,486
UT900,UT,900,Vernal,Vernal,,Utah,"Vernal, Utah",United States,location,1,486
VT60,VT,60,Barre,Barre,,Vermont,"Barre, Vermont",United States,location,2,488
VT150,VT,150,Brattleboro,Brattleboro,,Vermont,"Brattleboro, Vermont",United States,location,12,488
VT180,VT,180,Burlington,Burlington,,Vermont,"Burlington, Vermont",United States,location,5,488
VT520,VT,520,Newport,Newport,,Vermont,"Newport, Vermont",United States,location,1,488
VT595,VT,595,Plainfield,Plainfield,,Vermont,"Plainfield, Vermont",United States,location,2,489
VT680,VT,680,Rockingham,Rockingham,,Vermont,"Rockingham, Vermont",United States,location,1,489
VT700,VT,700,Rutland,Rutland,,Vermont,"Rutland, Vermont",United States,location,6,489
VT810,VT,810,Stowe,Stowe,,Vermont,"Stowe, Vermont",United States,location,2,489
VT1000,VT,1000,Miscellaneous,Miscellaneous,,Vermont,"Miscellaneous, Vermont",United States,category,1,489
VA20,VA,20,Alexandria,Alexandria,,Virginia,"Alexandria, Virginia",United States,location,18,490
VA60,VA,60,Appalachia,Appalachia,,Virginia,"Appalachia, Virginia",United States,location,1,490
VA65,VA,65,Arlington,Arlington,,Virginia,"Arlington, Virginia",United States,location,6,490
VA80,VA,80,Ballston,Ballston,,Virginia,"Ballston, Virginia",United States,location,1,491
VA110,VA,110,Berkley,Berkley,,Virginia,"Berkley, Virginia",United States,location,1,491
VA120,VA,120,Big Stone Gap,Big Stone Gap,,Virginia,"Big Stone Gap, Virginia",United States,location,2,491
VA155,VA,155,Bon Air,Bon Air,,Virginia,"Bon Air, Virginia",United States,location,2,491
VA160,VA,160,Bristol,Bristol,,Virginia,"Bristol, Virginia",United States,location,1,491
VA190,VA,190,Charlottesville,Charlottesville,,Virginia,"Charlottesville, Virginia",United States,location,3,491
VA210,VA,210,Chincoteague,Chincoteague,,Virginia,"Chincoteague, Virginia",United States,location,7,491
VA260,VA,260,Culpeper,Culpeper,,Virginia,"Culpeper, Virginia",United States,location,2,492
VA280,VA,280,Danville,Danville,,Virginia,"Danville, Virginia",United States,location,2,492
VA350,VA,350,Fredericksburg,Fredericksburg,,Virginia,"Fredericksburg, Virginia",United States,location,2,492
VA420,VA,420,Hampton,Hampton,,Virginia,"Hampton, Virginia",United States,location,1,492
VA470,VA,470,Leesburg,Leesburg,,Virginia,"Leesburg, Virginia",United States,location,9,492
VA500,VA,500,Lynchburg,Lynchburg,,Virginia,"Lynchburg, Virginia",United States,location,11,493
VA520,VA,520,Marion,Marion,,Virginia,"Marion, Virginia",United States,location,1,493
VA530,VA,530,Martinsville,Martinsville,,Virginia,"Martinsville, Virginia",United States,location,2,493
VA535,VA,535,Mechanicsville,Mechanicsville,,Virginia,"Mechanicsville, Virginia",United States,location,5,493
VA560,VA,560,Newport News,Newport News,,Virginia,"Newport News, Virginia",United States,location,3,494
VA580,VA,580,Norfolk,Norfolk,,Virginia,"Norfolk, Virginia",United States,location,21,494
VA600,VA,600,Norton,Norton,,Virginia,"Norton, Virginia",United States,location,16,495
VA610,VA,610,Orange,Orange,,Virginia,"Orange, Virginia",United States,location,1,495
VA620,VA,620,Petersburg,Petersburg,,Virginia,"Petersburg, Virginia",United States,location,20,495
VA660,VA,660,Portsmouth,Portsmouth,,Virginia,"Portsmouth, Virginia",United States,location,9,496
VA700,VA,700,Radford,Radford,,Virginia,"Radford, Virginia",United States,location,7,496
VA710,VA,710,Reston,Reston,,Virginia,"Reston, Virginia",United States,location,2,497
VA720,VA,720,Richmond,Richmond,,Virginia,"Richmond, Virginia",United States,location,12,497
VA730,VA,730,Roanoke,Roanoke,,Virginia,"Roanoke, Virginia",United States,location,6,497
VA775,VA,775,Sandston,Sandston,,Virginia,"Sandston, Virginia",United States,location,1,498
VA820,VA,820,Staunton,Staunton,,Virginia,"Staunton, Virginia",United States,location,7,498
VA840,VA,840,Suffolk,Suffolk,,Virginia,"Suffolk, Virginia",United States,location,1,498
VA885,VA,885,Vienna,Vienna,,Virginia,"Vienna, Virginia",United States,location,1,498
VA895,VA,895,Virginia Beach,Virginia Beach,,Virginia,"Virginia Beach, Virginia",United States,location,6,498
VA900,VA,900,Virginia Highways,Virginia Highways,,Virginia,"Virginia Highways, Virginia",United States,location,3,499
VA920,VA,920,Warrenton,Warrenton,,Virginia,"Warrenton, Virginia",United States,location,2,499
VA940,VA,940,Waynesboro,Waynesboro,,Virginia,"Waynesboro, Virginia",United States,location,1,499
VA985,VA,985,Woodbridge,Woodbridge,,Virginia,"Woodbridge, Virginia",United States,location,10,499
VA990,VA,990,Wytheville,Wytheville,,Virginia,"Wytheville, Virginia",United States,location,1,499
VA997,VA,997,Zone Checks,Zone Checks,,Virginia,"Zone Checks, Virginia",United States,category,3,499
VA998,VA,998,Patterns,Patterns,,Virginia,"Patterns, Virginia",United States,category,3,499
VA999,VA,999,Passes,Passes,,Virginia,"Passes, Virginia",United States,category,8,500
VA1000,VA,1000,Miscellaneous,Miscellaneous,,Virginia,"Miscellaneous, Virginia",United States,category,4,500
WA5,WA,5,Aberdeen,Aberdeen,,Washington,"Aberdeen, Washington",United States,location,6,502
WA10,WA,10,Anacortes,Anacortes,,Washington,"Anacortes, Washington",United States,location,3,502
WA20,WA,20,Auburn,Auburn,,Washington,"Auburn, Washington",United States,location,1,502
WA30,WA,30,Bellevue,Bellevue,,Washington,"Bellevue, Washington",United States,location,2,502
WA40,WA,40,Bellingham,Bellingham,,Washington,"Bellingham, Washington",United States,location,16,502
WA80,WA,80,Bremerton,Bremerton,,Washington,"Bremerton, Washington",United States,location,17,503
WA100,WA,100,Bridgeport,Bridgeport,,Washington,"Bridgeport, Washington",United States,location,2,504
WA120,WA,120,Centralia,Centralia,,Washington,"Centralia, Washington",United States,location,2,504
WA130,WA,130,Charleston,Charleston,,Washington,"Charleston, Washington",United States,location,1,504
WA140,WA,140,Chehalis,Chehalis,,Washington,"Chehalis, Washington",United States,location,1,504
WA150,WA,150,Chelan,Chelan,,Washington,"Chelan, Washington",United States,location,5,504
WA180,WA,180,Clarkston,Clarkston,,Washington,"Clarkston, Washington",United States,location,1,504
WA200,WA,200,Colfax,Colfax,,Washington,"Colfax, Washington",United States,location,1,504
WA230,WA,230,Des Moines,Des Moines,,Washington,"Des Moines, Washington",United States,location,2,505
WA250,WA,250,Edmonds,Edmonds,,Washington,"Edmonds, Washington",United States,location,6,505
WA300,WA,300,Everett,Everett,,Washington,"Everett, Washington",United States,location,10,505
WA315,WA,315,Gifford,Gifford,,Washington,"Gifford, Washington",United States,location,1,505
WA340,WA,340,Grand Coulee,Grand Coulee,,Washington,"Grand Coulee, Washington",United States,location,4,505
WA420,WA,420,Kelso,Kelso,,Washington,"Kelso, Washington",United States,location,1,505
WA440,WA,440,Kennewick,Kennewick,,Washington,"Kennewick, Washington",United States,location,7,505
WA480,WA,480,Longview,Longview,,Washington,"Longview, Washington",United States,location,4,506
WA580,WA,580,Mount Vernon,Mount Vernon,,Washington,"Mount Vernon, Washington",United States,location,2,506
WA590,WA,590,North Bonneville,North Bonneville,,Washington,"North Bonneville, Washington",United States,location,2,506
WA595,WA,595,Oak Harbor,Oak Harbor,,Washington,"Oak Harbor, Washington",United States,location,3,506
WA600,WA,600,Olympia,Olympia,,Washington,"Olympia, Washington",United States,location,7,506
WA615,WA,615,Orondo,Orondo,,Washington,"Orondo, Washington",United States,location,1,507
WA670,WA,670,Port Angeles,Port Angeles,,Washington,"Port Angeles, Washington",United States,location,1,507
WA680,WA,680,Port Orchard,Port Orchard,,Washington,"Port Orchard, Washington",United States,location,1,507
WA690,WA,690,Port Townsend,Port Townsend,,Washington,"Port Townsend, Washington",United States,location,3,507
WA710,WA,710,Pullman,Pullman,,Washington,"Pullman, Washington",United States,location,9,507
WA720,WA,720,Puyallup,Puyallup,,Washington,"Puyallup, Washington",United States,location,1,507
WA740,WA,740,Raymond,Raymond,,Washington,"Raymond, Washington",United States,location,3,508
WA745,WA,745,Renton,Renton,,Washington,"Renton, Washington",United States,location,1,508
WA755,WA,755,Richmond Beach,Richmond Beach,,Washington,"Richmond Beach, Washington",United States,location,1,508
WA780,WA,780,Seattle,Seattle,,Washington,"Seattle, Washington",United States,location,23,508
WA800,WA,800,Shelton,Shelton,,Washington,"Shelton, Washington",United States,location,1,509
WA820,WA,820,Snohomish,Snohomish,,Washington,"Snohomish, Washington",United States,location,2,509
WA840,WA,840,Spokane,Spokane,,Washington,"Spokane, Washington",United States,location,27,509
WA850,WA,850,Stanwood,Stanwood,,Washington,"Stanwood, Washington",United States,location,2,510
WA860,WA,860,Sumner,Sumner,,Washington,"Sumner, Washington",United States,location,2,510
WA880,WA,880,Tacoma,Tacoma,,Washington,"Tacoma, Washington",United States,location,21,510
WA890,WA,890,Tipso,Tipso,,Washington,"Tipso, Washington",United States,location,1,511
WA910,WA,910,Usk,Usk,,Washington,"Usk, Washington",United States,location,4,511
WA920,WA,920,Vancouver,Vancouver,,Washington,"Vancouver, Washington",United States,location,5,511
WA930,WA,930,Vashon,Vashon,,Washington,"Vashon, Washington",United States,location,1,511
WA940,WA,940,Walla Walla,Walla Walla,,Washington,"Walla Walla, Washington",United States,location,4,512
WA960,WA,960,Washougal,Washougal,,Washington,"Washougal, Washington",United States,location,5,512
WA970,WA,970,Wenatchee,Wenatchee,,Washington,"Wenatchee, Washington",United States,location,5,512
WA990,WA,990,Yakima,Yakima,,Washington,"Yakima, Washington",United States,location,5,512
WA998,WA,998,Patterns,Patterns,,Washington,"Patterns, Washington",United States,category,19,512
WA1000,WA,1000,Miscellaneous,Miscellaneous,,Washington,"Miscellaneous, Washington",United States,category,2,513
WV60,WV,60,Bluefield,Bluefield,,West Virginia,"Bluefield, West Virginia",United States,location,1,514
WV100,WV,100,Charleston,Charleston,,West Virginia,"Charleston, West Virginia",United States,location,4,514
WV140,WV,140,Clarksburg,Clarksburg,,West Virginia,"Clarksburg, West Virginia",United States,location,4,514
WV180,WV,180,Elkins,Elkins,,West Virginia,"Elkins, West Virginia",United States,location,1,514
WV200,WV,200,Fairmont,Fairmont,,West Virginia,"Fairmont, West Virginia",United States,location,6,514
WV240,WV,240,Grafton,Grafton,,West Virginia,"Grafton, West Virginia",United States,location,2,514
WV290,WV,290,Huntington,Huntington,,West Virginia,"Huntington, West Virginia",United States,location,8,515
WV480,WV,480,Morgantown,Morgantown,,West Virginia,"Morgantown, West Virginia",United States,location,5,515
WV550,WV,550,New Cumberland,New Cumberland,,West Virginia,"New Cumberland, West Virginia",United States,location,1,515
WV590,WV,590,Parkersburg,Parkersburg,,West Virginia,"Parkersburg, West Virginia",United States,location,3,515
WV640,WV,640,Princeton,Princeton,,West Virginia,"Princeton, West Virginia",United States,location,1,515
WV790,WV,790,Summersville,Summersville,,West Virginia,"Summersville, West Virginia",United States,location,1,515
WV830,WV,830,Weirton,Weirton,,West Virginia,"Weirton, West Virginia",United States,location,6,515
WV850,WV,850,Wellsburg,Wellsburg,,West Virginia,"Wellsburg, West Virginia",United States,location,1,515
WV860,WV,860,Weston,Weston,,West Virginia,"Weston, West Virginia",United States,location,2,516
WV890,WV,890,Wheeling,Wheeling,,West Virginia,"Wheeling, West Virginia",United States,location,27,516
WV997,WV,997,Zone Checks,Zone Checks,,West Virginia,"Zone Checks, West Virginia",United States,category,6,516
WV998,WV,998,Patterns,Patterns,,West Virginia,"Patterns, West Virginia",United States,category,2,517
WI5,WI,5,Albany,Albany,,Wisconsin,"Albany, Wisconsin",United States,location,1,518
WI20,WI,20,Antigo,Antigo,,Wisconsin,"Antigo, Wisconsin",United States,location,3,518
WI30,WI,30,Appleton,Appleton,,Wisconsin,"Appleton, Wisconsin",United States,location,8,518
WI40,WI,40,Ashland,Ashland,,Wisconsin,"Ashland, Wisconsin",United States,location,11,518
WI50,WI,50,Baraboo,Baraboo,,Wisconsin,"Baraboo, Wisconsin",United States,location,2,519
WI70,WI,70,Beloit,Beloit,,Wisconsin,"Beloit, Wisconsin",United States,location,5,519
WI95,WI,95,Biron,Biron,,Wisconsin,"Biron, Wisconsin",United States,location,2,519
WI105,WI,105,Black River Falls,Black River Falls,,Wisconsin,"Black River Falls, Wisconsin",United States,location,2,519
WI110,WI,110,Cassville,Cassville,,Wisconsin,"Cassville, Wisconsin",United States,location,6,519
WI150,WI,150,Delavan,Delavan,,Wisconsin,"Delavan, Wisconsin",United States,location,1,519
WI160,WI,160,Dodgeville,Dodgeville,,Wisconsin,"Dodgeville, Wisconsin",United States,location,11,519
WI170,WI,170,Durand,Durand,,Wisconsin,"Durand, Wisconsin",United States,location,4,520
WI180,WI,180,Eau Claire,Eau Claire,,Wisconsin,"Eau Claire, Wisconsin",United States,location,10,520
WI200,WI,200,Elkhorn,Elkhorn,,Wisconsin,"Elkhorn, Wisconsin",United States,location,2,521
WI220,WI,220,Fond du Lac,Fond du Lac,,Wisconsin,"Fond du Lac, Wisconsin",United States,location,22,521
WI230,WI,230,Fort Atkinson,Fort Atkinson,,Wisconsin,"Fort Atkinson, Wisconsin",United States,location,1,521
WI245,WI,245,Gillett,Gillett,,Wisconsin,"Gillett, Wisconsin",United States,location,1,521
WI250,WI,250,Green Bay,Green Bay,,Wisconsin,"Green Bay, Wisconsin",United States,location,6,521
WI270,WI,270,Hayward,Hayward,,Wisconsin,"Hayward, Wisconsin",United States,location,9,522
WI300,WI,300,Janesville,Janesville,,Wisconsin,"Janesville, Wisconsin",United States,location,7,522
WI301,WI,301,Janesville Plank Road,Janesville Plank Road,,Wisconsin,"Janesville Plank Road, Wisconsin",United States,location,1,522
WI320,WI,320,Kaukauna,Kaukauna,,Wisconsin,"Kaukauna, Wisconsin",United States,location,1,522
WI330,WI,330,Kenosha,Kenosha,,Wisconsin,"Kenosha, Wisconsin",United States,location,11,522
WI360,WI,360,La Crosse,La Crosse,,Wisconsin,"La Crosse, Wisconsin",United States,location,23,523
WI370,WI,370,Ladysmith,Ladysmith,,Wisconsin,"Ladysmith, Wisconsin",United States,location,1,524
WI410,WI,410,Madison,Madison,,Wisconsin,"Madison, Wisconsin",United States,location,15,524
WI415,WI,415,Manawa,Manawa,,Wisconsin,"Manawa, Wisconsin",United States,location,2,525
WI420,WI,420,Manitowoc,Manitowoc,,Wisconsin,"Manitowoc, Wisconsin",United States,location,12,525
WI430,WI,430,Marinette,Marinette,,Wisconsin,"Marinette, Wisconsin",United States,location,11,525
WI440,WI,440,Marshfield,Marshfield,,Wisconsin,"Marshfield, Wisconsin",United States,location,10,526
WI490,WI,490,Menomonie,Menomonie,,Wisconsin,"Menomonie, Wisconsin",United States,location,4,526
WI500,WI,500,Merrill,Merrill,,Wisconsin,"Merrill, Wisconsin",United States,location,11,526
WI510,WI,510,Milwaukee,Milwaukee,,Wisconsin,"Milwaukee, Wisconsin",United States,location,14,527
WI511,WI,511,Milwaukee Civil War Tokens,Milwaukee Civil War Tokens,,Wisconsin,"Milwaukee Civil War Tokens, Wisconsin",United States,location,1,527
WI520,WI,520,Mineral Point,Mineral Point,,Wisconsin,"Mineral Point, Wisconsin",United States,location,2,527
WI530,WI,530,Monroe,Monroe,,Wisconsin,"Monroe, Wisconsin",United States,location,13,527
WI560,WI,560,New London,New London,,Wisconsin,"New London, Wisconsin",United States,location,4,528
WI565,WI,565,New Richmond,New Richmond,,Wisconsin,"New Richmond, Wisconsin",United States,location,1,528
WI580,WI,580,Oak Creek,Oak Creek,,Wisconsin,"Oak Creek, Wisconsin",United States,location,1,528
WI600,WI,600,Oconto,Oconto,,Wisconsin,"Oconto, Wisconsin",United States,location,3,528
WI605,WI,605,Oconto Falls,Oconto Falls,,Wisconsin,"Oconto Falls, Wisconsin",United States,location,3,528
WI615,WI,615,Onalaska,Onalaska,,Wisconsin,"Onalaska, Wisconsin",United States,location,1,529
WI620,WI,620,Oshkosh,Oshkosh,,Wisconsin,"Oshkosh, Wisconsin",United States,location,9,529
WI640,WI,640,Peshtigo,Peshtigo,,Wisconsin,"Peshtigo, Wisconsin",United States,location,1,529
WI680,WI,680,Port Washington,Port Washington,,Wisconsin,"Port Washington, Wisconsin",United States,location,2,529
WI700,WI,700,Racine,Racine,,Wisconsin,"Racine, Wisconsin",United States,location,14,529
WI720,WI,720,Rhinelander,Rhinelander,,Wisconsin,"Rhinelander, Wisconsin",United States,location,2,530
WI730,WI,730,Rice Lake,Rice Lake,,Wisconsin,"Rice Lake, Wisconsin",United States,location,5,530
WI750,WI,750,Ripon,Ripon,,Wisconsin,"Ripon, Wisconsin",United States,location,2,530
WI790,WI,790,Sheboygan,Sheboygan,,Wisconsin,"Sheboygan, Wisconsin",United States,location,24,530
WI825,WI,825,Somerset,Somerset,,Wisconsin,"Somerset, Wisconsin",United States,location,12,531
WI840,WI,840,Sparta,Sparta,,Wisconsin,"Sparta, Wisconsin",United States,location,4,532
WI850,WI,850,Stevens Point,Stevens Point,,Wisconsin,"Stevens Point, Wisconsin",United States,location,4,532
WI870,WI,870,Sturgeon Bay,Sturgeon Bay,,Wisconsin,"Sturgeon Bay, Wisconsin",United States,location,8,532
WI880,WI,880,Superior,Superior,,Wisconsin,"Superior, Wisconsin",United States,location,5,532
WI900,WI,900,Two Rivers,Two Rivers,,Wisconsin,"Two Rivers, Wisconsin",United States,location,1,533
WI910,WI,910,Viroqua,Viroqua,,Wisconsin,"Viroqua, Wisconsin",United States,location,2,533
WI915,WI,915,Waterloo,Waterloo,,Wisconsin,"Waterloo, Wisconsin",United States,location,5,533
WI920,WI,920,Watertown,Watertown,,Wisconsin,"Watertown, Wisconsin",United States,location,9,533
WI930,WI,930,Waukesha,Waukesha,,Wisconsin,"Waukesha, Wisconsin",United States,location,5,534
WI935,WI,935,Waupaca,Waupaca,,Wisconsin,"Waupaca, Wisconsin",United States,location,4,534
WI940,WI,940,Wausau,Wausau,,Wisconsin,"Wausau, Wisconsin",United States,location,8,534
WI955,WI,955,Weyauwega,Weyauwega,,Wisconsin,"Weyauwega, Wisconsin",United States,location,1,534
WI975,WI,975,Wisconsin Dells,Wisconsin Dells,,Wisconsin,"Wisconsin Dells, Wisconsin",United States,location,6,534
WI980,WI,980,Wisconsin Rapids,Wisconsin Rapids,,Wisconsin,"Wisconsin Rapids, Wisconsin",United States,location,7,535
WI998,WI,998,Patterns,Patterns,,Wisconsin,"Patterns, Wisconsin",United States,category,9,535
WI1000,WI,1000,Miscellaneous,Miscellaneous,,Wisconsin,"Miscellaneous, Wisconsin",United States,category,9,535
WY60,WY,60,Buffalo,Buffalo,,Wyoming,"Buffalo, Wyoming",United States,location,1,538
WY100,WY,100,Casper,Casper,,Wyoming,"Casper, Wyoming",United States,location,19,538
WY120,WY,120,Cheyenne,Cheyenne,,Wyoming,"Cheyenne, Wyoming",United States,location,27,538
WY150,WY,150,Cody,Cody,,Wyoming,"Cody, Wyoming",United States,location,2,539
WY180,WY,180,Douglas,Douglas,,Wyoming,"Douglas, Wyoming",United States,location,1,539
WY480,WY,480,Laramie,Laramie,,Wyoming,"Laramie, Wyoming",United States,location,1,539
WY660,WY,660,Rawlins,Rawlins,,Wyoming,"Rawlins, Wyoming",United States,location,1,539
WY750,WY,750,Sheridan,Sheridan,,Wyoming,"Sheridan, Wyoming",United States,location,7,539
WY810,WY,810,Thermopolis,Thermopolis,,Wyoming,"Thermopolis, Wyoming",United States,location,1,540
DC500,DC,500,Washington,Washington,,District of Columbia,"Washington, District of Columbia",United States,location,42,542
DC997,DC,997,Zone Checks,Zone Checks,,District of Columbia,"Zone Checks, District of Columbia",United States,category,2,544
DC998,DC,998,Patterns,Patterns,,District of Columbia,"Patterns, District of Columbia",United States,category,6,544
DC1000,DC,1000,Miscellaneous,Miscellaneous,,District of Columbia,"Miscellaneous, District of Columbia",United States,category,1,544
GU25,GU,25,Agana,Agana,,Guam,"Agana, Guam",United States,location,1,546
PI50,PI,50,Angeles City,Angeles City,,Philippines,"Angeles City, Philippines",United States,location,15,548
PI100,PI,100,Bulacan,Bulacan,,Philippines,"Bulacan, Philippines",United States,location,1,548
PI400,PI,400,Iloilo,Iloilo,,Philippines,"Iloilo, Philippines",United States,location,1,548
PI500,PI,500,Manila,Manila,,Philippines,"Manila, Philippines",United States,location,9,548
PR250,PR,250,Caguas,Caguas,,Puerto Rico,"Caguas, Puerto Rico",United States,location,1,550
PR560,PR,560,Ponce,Ponce,,Puerto Rico,"Ponce, Puerto Rico",United States,location,3,550
PR640,PR,640,San Juan,San Juan,,Puerto Rico,"San Juan, Puerto Rico",United States,location,19,550
PR998,PR,998,Patterns,Patterns,,Puerto Rico,"Patterns, Puerto Rico",United States,category,2,551
VI500,VI,500,Frederickstad (St. Croix),Frederickstad (St. Croix),,Virgin Islands,"Frederickstad (St. Croix), Virgin Islands",United States,location,1,552
VI1000,VI,1000,Miscellaneous,Miscellaneous,,Virgin Islands,"Miscellaneous, Virgin Islands",United States,category,3,552
VI1,VI,1,Group,Group,,Virgin Islands,"Group, Virgin Islands",United States,location,1,566
VI2,VI,2,Group,Group,,Virgin Islands,"Group, Virgin Islands",United States,location,1,566
VI3,VI,3,Group,Group,,Virgin Islands,"Group, Virgin Islands",United States,location,1,566
VI4,VI,4,Group,Group,,Virgin Islands,"Group, Virgin Islands",United States,location,1,566
VI5,VI,5,Group,Group,,Virgin Islands,"Group, Virgin Islands",United States,location,18,566
VI6,VI,6,Group,Group,,Virgin Islands,"Group, Virgin Islands",United States,location,22,566
VI7,VI,7,Group,Group,,Virgin Islands,"Group, Virgin Islands",United States,location,10,567
VI8,VI,8,Group,Group,,Virgin Islands,"Group, Virgin Islands",United States,location,12,567
VI9,VI,9,Group,Group,,Virgin Islands,"Group, Virgin Islands",United States,location,3,567
VI10,VI,10,Group,Group,,Virgin Islands,"Group, Virgin Islands",United States,location,1,567
VI11,VI,11,Group,Group,,Virgin Islands,"Group, Virgin Islands",United States,location,8,567
VI12,VI,12,Group,Group,,Virgin Islands,"Group, Virgin Islands",United States,location,4,568
VI13,VI,13,Group,Group,,Virgin Islands,"Group, Virgin Islands",United States,location,12,568
VI14,VI,14,Group,Group,,Virgin Islands,"Group, Virgin Islands",United States,location,3,568
VI15,VI,15,Group,Group,,Virgin Islands,"Group, Virgin Islands",United States,location,2,568
VI16,VI,16,Group,Group,,Virgin Islands,"Group, Virgin Islands",United States,location,9,568
VI17,VI,17,Group,Group,,Virgin Islands,"Group, Virgin Islands",United States,location,5,568
VI18,VI,18,Group,Group,,Virgin Islands,"Group, Virgin Islands",United States,location,2,569
VI19,VI,19,Group,Group,,Virgin Islands,"Group, Virgin Islands",United States,location,43,569
VI20,VI,20,Group,Group,,Virgin Islands,"Group, Virgin Islands",United States,location,2,569
VI21,VI,21,Group,Group,,Virgin Islands,"Group, Virgin Islands",United States,location,1,570
VI22,VI,22,Group,Group,,Virgin Islands,"Group, Virgin Islands",United States,location,5,570
VI23,VI,23,Group,Group,,Virgin Islands,"Group, Virgin Islands",United States,location,2,570
VI24,VI,24,Group,Group,,Virgin Islands,"Group, Virgin Islands",United States,location,1,570
VI25,VI,25,Group,Group,,Virgin Islands,"Group, Virgin Islands",United States,location,1,570
VI27,VI,27,Group,Group,,Virgin Islands,"Group, Virgin Islands",United States,location,3,570
VI28,VI,28,Group,Group,,Virgin Islands,"Group, Virgin Islands",United States,location,5,570
VI29,VI,29,Group,Group,,Virgin Islands,"Group, Virgin Islands",United States,location,1,570
VI30,VI,30,Group,Group,,Virgin Islands,"Group, Virgin Islands",United States,location,3,570
VI31,VI,31,Group,Group,,Virgin Islands,"Group, Virgin Islands",United States,location,1,570
VI32,VI,32,Group,Group,,Virgin Islands,"Group, Virgin Islands",United States,location,2,571
VI33,VI,33,Group,Group,,Virgin Islands,"Group, Virgin Islands",United States,location,1,571
VI34,VI,34,Group,Group,,Virgin Islands,"Group, Virgin Islands",United States,location,1,571
VI35,VI,35,Group,Group,,Virgin Islands,"Group, Virgin Islands",United States,location,3,571
VI131,VI,131,Group,Group,,Virgin Islands,"Group, Virgin Islands",United States,location,27,572
VI132,VI,132,Group,Group,,Virgin Islands,"Group, Virgin Islands",United States,location,1,572
VI133,VI,133,Group,Group,,Virgin Islands,"Group, Virgin Islands",United States,location,4,572
VI134,VI,134,Group,Group,,Virgin Islands,"Group, Virgin Islands",United States,location,1,572
VI135,VI,135,Group,Group,,Virgin Islands,"Group, Virgin Islands",United States,location,1,572
VI136,VI,136,Group,Group,,Virgin Islands,"Group, Virgin Islands",United States,location,1,572
VI137,VI,137,Group,Group,,Virgin Islands,"Group, Virgin Islands",United States,location,1,572
VI138,VI,138,Group,Group,,Virgin Islands,"Group, Virgin Islands",United States,location,1,573
VI139,VI,139,Group,Group,,Virgin Islands,"Group, Virgin Islands",United States,location,2,573
VI140,VI,140,Group,Group,,Virgin Islands,"Group, Virgin Islands",United States,location,1,573
VI141,VI,141,Group,Group,,Virgin Islands,"Group, Virgin Islands",United States,location,1,573
VI142,VI,142,Group,Group,,Virgin Islands,"Group, Virgin Islands",United States,location,1,573
VI143,VI,143,Group,Group,,Virgin Islands,"Group, Virgin Islands",United States,location,1,573
VI144,VI,144,Group,Group,,Virgin Islands,"Group, Virgin Islands",United States,location,1,573
VI145,VI,145,Group,Group,,Virgin Islands,"Group, Virgin Islands",United States,location,3,573
VI201,VI,201,Group,Group,,Virgin Islands,"Group, Virgin Islands",United States,location,1,574
VI202,VI,202,Group,Group,,Virgin Islands,"Group, Virgin Islands",United States,location,2,574
VI203,VI,203,Group,Group,,Virgin Islands,"Group, Virgin Islands",United States,location,1,574
VI204,VI,204,Group,Group,,Virgin Islands,"Group, Virgin Islands",United States,location,4,574
VI205,VI,205,Group,Group,,Virgin Islands,"Group, Virgin Islands",United States,location,10,574
VI206,VI,206,Group,Group,,Virgin Islands,"Group, Virgin Islands",United States,location,3,574
VI207,VI,207,Group,Group,,Virgin Islands,"Group, Virgin Islands",United States,location,2,575
VI208,VI,208,Group,Group,,Virgin Islands,"Group, Virgin Islands",United States,location,3,575
VI209,VI,209,Group,Group,,Virgin Islands,"Group, Virgin Islands",United States,location,3,575
VI210,VI,210,Group,Group,,Virgin Islands,"Group, Virgin Islands",United States,location,3,575
VI211,VI,211,Group,Group,,Virgin Islands,"Group, Virgin Islands",United States,location,2,575
VI212,VI,212,Group,Group,,Virgin Islands,"Group, Virgin Islands",United States,location,1,575
VI213,VI,213,Group,Group,,Virgin Islands,"Group, Virgin Islands",United States,location,1,575
VI302,VI,302,Group,Group,,Virgin Islands,"Group, Virgin Islands",United States,location,1,576
VI303,VI,303,Group,Group,,Virgin Islands,"Group, Virgin Islands",United States,location,3,576
VI304,VI,304,Group,Group,,Virgin Islands,"Group, Virgin Islands",United States,location,1,576
VI305,VI,305,Group,Group,,Virgin Islands,"Group, Virgin Islands",United States,location,1,576
VI306,VI,306,Group,Group,,Virgin Islands,"Group, Virgin Islands",United States,location,1,576
AB60,AB,60,Banff,Banff,,Alberta,"Banff, Alberta",Canada,location,1,600
AB140,AB,140,Calgary,Calgary,,Alberta,"Calgary, Alberta",Canada,location,5,600
AB250,AB,250,Edmonton,Edmonton,,Alberta,"Edmonton, Alberta",Canada,location,2,600
AB275,AB,275,Fort McMurray,Fort McMurray,,Alberta,"Fort McMurray, Alberta",Canada,location,1,600
AB450,AB,450,Lethbridge,Lethbridge,,Alberta,"Lethbridge, Alberta",Canada,location,5,600
AB800,AB,800,Red Deer,Red Deer,,Alberta,"Red Deer, Alberta",Canada,location,2,600
BC250,BC,250,Burnaby,Burnaby,,British Columbia,"Burnaby, British Columbia",Canada,location,3,602
BC300,BC,300,Chilliwack,Chilliwack,,British Columbia,"Chilliwack, British Columbia",Canada,location,4,602
BC425,BC,425,Kamloops,Kamloops,,British Columbia,"Kamloops, British Columbia",Canada,location,2,602
BC435,BC,435,Kelowna,Kelowna,,British Columbia,"Kelowna, British Columbia",Canada,location,2,602
BC450,BC,450,Langley,Langley,,British Columbia,"Langley, British Columbia",Canada,location,5,602
BC575,BC,575,Nanaimo,Nanaimo,,British Columbia,"Nanaimo, British Columbia",Canada,location,1,602
BC600,BC,600,Nelson,Nelson,,British Columbia,"Nelson, British Columbia",Canada,location,3,603
BC625,BC,625,North Vancouver,North Vancouver,,British Columbia,"North Vancouver, British Columbia",Canada,location,2,603
BC650,BC,650,Port Alberni,Port Alberni,,British Columbia,"Port Alberni, British Columbia",Canada,location,1,603
BC670,BC,670,Prince George,Prince George,,British Columbia,"Prince George, British Columbia",Canada,location,3,603
BC675,BC,675,Richmond,Richmond,,British Columbia,"Richmond, British Columbia",Canada,location,4,603
BC700,BC,700,Saanich,Saanich,,British Columbia,"Saanich, British Columbia",Canada,location,3,603
BC800,BC,800,Vancouver,Vancouver,,British Columbia,"Vancouver, British Columbia",Canada,location,28,603
BC825,BC,825,Vernon,Vernon,,British Columbia,"Vernon, British Columbia",Canada,location,1,605
BC850,BC,850,Victoria,Victoria,,British Columbia,"Victoria, British Columbia",Canada,location,11,605
BC900,BC,900,West Vancouver,West Vancouver,,British Columbia,"West Vancouver, British Columbia",Canada,location,1,605
BC998,BC,998,Patterns,Patterns,,British Columbia,"Patterns, British Columbia",Canada,category,3,605
BC1000,BC,1000,Miscellaneous,Miscellaneous,,British Columbia,"Miscellaneous, British Columbia",Canada,category,4,605
MB200,MB,200,Brandon,Brandon,,Manitoba,"Brandon, Manitoba",Canada,location,3,608
MB780,MB,780,Souris,Souris,,Manitoba,"Souris, Manitoba",Canada,location,1,608
MB900,MB,900,Winnipeg,Winnipeg,,Manitoba,"Winnipeg, Manitoba",Canada,location,10,608
MB998,MB,998,Patterns,Patterns,,Manitoba,"Patterns, Manitoba",Canada,category,2,608
NB250,NB,250,Edmunston,Edmunston,,New Brunswick,"Edmunston, New Brunswick",Canada,location,1,610
NB300,NB,300,Fredericton,Fredericton,,New Brunswick,"Fredericton, New Brunswick",Canada,location,3,610
NB400,NB,400,Hopewell Cape,Hopewell Cape,,New Brunswick,"Hopewell Cape, New Brunswick",Canada,location,2,610
NB600,NB,600,Moncton,Moncton,,New Brunswick,"Moncton, New Brunswick",Canada,location,1,610
NB750,NB,750,Saint John,Saint John,,New Brunswick,"Saint John, New Brunswick",Canada,location,2,610
NF300,NF,300,Gaultois,Gaultois,,Newfoundland,"Gaultois, Newfoundland",Canada,location,1,612
NF725,NF,725,St. John's,St. John's,,Newfoundland,"St. John's, Newfoundland",Canada,location,1,612
NS75,NS,75,Canso Causeway,Canso Causeway,,Nova Scotia,"Canso Causeway, Nova Scotia",Canada,location,6,614
NS100,NS,100,Dartmouth,Dartmouth,,Nova Scotia,"Dartmouth, Nova Scotia",Canada,location,31,614
NS200,NS,200,Donkin,Donkin,,Nova Scotia,"Donkin, Nova Scotia",Canada,location,3,615
NS350,NS,350,Glace Bay,Glace Bay,,Nova Scotia,"Glace Bay, Nova Scotia",Canada,location,5,616
NS450,NS,450,Halifax,Halifax,,Nova Scotia,"Halifax, Nova Scotia",Canada,location,1,616
NS850,NS,850,Sydney,Sydney,,Nova Scotia,"Sydney, Nova Scotia",Canada,location,8,616
NS998,NS,998,Patterns,Patterns,,Nova Scotia,"Patterns, Nova Scotia",Canada,category,3,616
NS1000,NS,1000,Miscellaneous,Miscellaneous,,Nova Scotia,"Miscellaneous, Nova Scotia",Canada,category,1,616
ON30,ON,30,Amherstburg,Amherstburg,,Ontario,"Amherstburg, Ontario",Canada,location,1,618
ON70,ON,70,Beamsville,Beamsville,,Ontario,"Beamsville, Ontario",Canada,location,1,618
ON100,ON,100,Bowmanville,Bowmanville,,Ontario,"Bowmanville, Ontario",Canada,location,3,618
ON125,ON,125,Brantford,Brantford,,Ontario,"Brantford, Ontario",Canada,location,9,618
ON160,ON,160,Brighton,Brighton,,Ontario,"Brighton, Ontario",Canada,location,1,618
ON170,ON,170,Caledon,Caledon,,Ontario,"Caledon, Ontario",Canada,location,1,619
ON175,ON,175,Cambridge,Cambridge,,Ontario,"Cambridge, Ontario",Canada,location,1,619
ON180,ON,180,Chatham,Chatham,,Ontario,"Chatham, Ontario",Canada,location,1,619
ON185,ON,185,Clinton,Clinton,,Ontario,"Clinton, Ontario",Canada,location,1,619
ON195,ON,195,Collingwood,Collingwood,,Ontario,"Collingwood, Ontario",Canada,location,3,619
ON200,ON,200,Cornwall,Cornwall,,Ontario,"Cornwall, Ontario",Canada,location,1,619
ON260,ON,260,Deseronto,Deseronto,,Ontario,"Deseronto, Ontario",Canada,location,1,619
ON280,ON,280,Elora,Elora,,Ontario,"Elora, Ontario",Canada,location,1,619
ON290,ON,290,Fergus,Fergus,,Ontario,"Fergus, Ontario",Canada,location,1,619
ON295,ON,295,Fort Erie,Fort Erie,,Ontario,"Fort Erie, Ontario",Canada,location,2,619
ON300,ON,300,Gamebridge,Gamebridge,,Ontario,"Gamebridge, Ontario",Canada,location,1,620
ON310,ON,310,Goderich,Goderich,,Ontario,"Goderich, Ontario",Canada,location,2,620
ON315,ON,315,Gore Bay,Gore Bay,,Ontario,"Gore Bay, Ontario",Canada,location,1,620
ON325,ON,325,Guelph,Guelph,,Ontario,"Guelph, Ontario",Canada,location,5,620
ON400,ON,400,Hamilton,Hamilton,,Ontario,"Hamilton, Ontario",Canada,location,11,620
ON410,ON,410,Hanover,Hanover,,Ontario,"Hanover, Ontario",Canada,location,1,621
ON450,ON,450,Kenora,Kenora,,Ontario,"Kenora, Ontario",Canada,location,1,621
ON475,ON,475,Kingston,Kingston,,Ontario,"Kingston, Ontario",Canada,location,2,621
ON485,ON,485,Kitchener,Kitchener,,Ontario,"Kitchener, Ontario",Canada,location,1,621
ON495,ON,495,Lindsay,Lindsay,,Ontario,"Lindsay, Ontario",Canada,location,2,621
ON500,ON,500,London,London,,Ontario,"London, Ontario",Canada,location,3,621
ON515,ON,515,Madoc,Madoc,,Ontario,"Madoc, Ontario",Canada,location,1,621
ON525,ON,525,Milverton,Milverton,,Ontario,"Milverton, Ontario",Canada,location,1,621
ON530,ON,530,Mississauga,Mississauga,,Ontario,"Mississauga, Ontario",Canada,location,1,622
ON550,ON,550,New Hamburg,New Hamburg,,Ontario,"New Hamburg, Ontario",Canada,location,1,622
ON555,ON,555,Newmarket,Newmarket,,Ontario,"Newmarket, Ontario",Canada,location,2,622
ON565,ON,565,Niagara Falls,Niagara Falls,,Ontario,"Niagara Falls, Ontario",Canada,location,4,622
ON567,ON,567,Niagara-On-The-Lake,Niagara-On-The-Lake,,Ontario,"Niagara-On-The-Lake, Ontario",Canada,location,1,622
ON575,ON,575,Nipissing,Nipissing,,Ontario,"Nipissing, Ontario",Canada,location,1,622
ON600,ON,600,Norman,Norman,,Ontario,"Norman, Ontario",Canada,location,1,622
ON610,ON,610,North Bay,North Bay,,Ontario,"North Bay, Ontario",Canada,location,1,622
ON625,ON,625,Norwich,Norwich,,Ontario,"Norwich, Ontario",Canada,location,3,622
ON640,ON,640,Oakville,Oakville,,Ontario,"Oakville, Ontario",Canada,location,1,622
ON650,ON,650,Orilla,Orilla,,Ontario,"Orilla, Ontario",Canada,location,3,622
ON660,ON,660,Orono,Orono,,Ontario,"Orono, Ontario",Canada,location,1,623
ON675,ON,675,Ottawa,Ottawa,,Ontario,"Ottawa, Ontario",Canada,location,11,623
ON700,ON,700,Owen Sound,Owen Sound,,Ontario,"Owen Sound, Ontario",Canada,location,6,623
ON715,ON,715,Peterborough,Peterborough,,Ontario,"Peterborough, Ontario",Canada,location,1,623
ON725,ON,725,Picton,Picton,,Ontario,"Picton, Ontario",Canada,location,4,623
ON750,ON,750,Port Hope,Port Hope,,Ontario,"Port Hope, Ontario",Canada,location,3,623
ON775,ON,775,Ridgetown,Ridgetown,,Ontario,"Ridgetown, Ontario",Canada,location,5,624
ON795,ON,795,Rockwood,Rockwood,,Ontario,"Rockwood, Ontario",Canada,location,2,624
ON825,ON,825,St. Catharines,St. Catharines,,Ontario,"St. Catharines, Ontario",Canada,location,7,624
ON850,ON,850,St. Thomas,St. Thomas,,Ontario,"St. Thomas, Ontario",Canada,location,2,624
ON855,ON,855,Sarnia,Sarnia,,Ontario,"Sarnia, Ontario",Canada,location,1,624
ON865,ON,865,Sherkston,Sherkston,,Ontario,"Sherkston, Ontario",Canada,location,3,625
ON875,ON,875,Smiths Falls,Smiths Falls,,Ontario,"Smiths Falls, Ontario",Canada,location,3,625
ON885,ON,885,Sudbury,Sudbury,,Ontario,"Sudbury, Ontario",Canada,location,1,625
ON890,ON,890,Teeswater,Teeswater,,Ontario,"Teeswater, Ontario",Canada,location,1,625
ON900,ON,900,Toronto,Toronto,,Ontario,"Toronto, Ontario",Canada,location,10,625
ON925,ON,925,Walkerton,Walkerton,,Ontario,"Walkerton, Ontario",Canada,location,1,626
ON940,ON,940,Welland,Welland,,Ontario,"Welland, Ontario",Canada,location,1,626
ON945,ON,945,Whitby,Whitby,,Ontario,"Whitby, Ontario",Canada,location,1,626
ON950,ON,950,Windsor,Windsor,,Ontario,"Windsor, Ontario",Canada,location,8,626
ON960,ON,960,Wingham,Wingham,,Ontario,"Wingham, Ontario",Canada,location,2,626
ON998,ON,998,Patterns,Patterns,,Ontario,"Patterns, Ontario",Canada,category,16,626
ON999,ON,999,Passes,Passes,,Ontario,"Passes, Ontario",Canada,category,4,627
PE200,PE,200,Charlottetown,Charlottetown,,Prince Edward Island,"Charlottetown, Prince Edward Island",Canada,location,2,628
PQ60,PQ,60,Berthierville,Berthierville,,Quebec,"Berthierville, Quebec",Canada,location,1,630
PQ100,PQ,100,Chicoutimi,Chicoutimi,,Quebec,"Chicoutimi, Quebec",Canada,location,2,630
PQ120,PQ,120,Chomedey,Chomedey,,Quebec,"Chomedey, Quebec",Canada,location,3,630
PQ140,PQ,140,Deshambault,Deshambault,,Quebec,"Deshambault, Quebec",Canada,location,1,630
PQ150,PQ,150,Drummondville,Drummondville,,Quebec,"Drummondville, Quebec",Canada,location,4,630
PQ190,PQ,190,Granby,Granby,,Quebec,"Granby, Quebec",Canada,location,3,630
PQ200,PQ,200,Greenfield Park,Greenfield Park,,Quebec,"Greenfield Park, Quebec",Canada,location,2,631
PQ345,PQ,345,Hull,Hull,,Quebec,"Hull, Quebec",Canada,location,17,631
PQ360,PQ,360,Jacques Cartier,Jacques Cartier,,Quebec,"Jacques Cartier, Quebec",Canada,location,7,631
PQ460,PQ,460,L'assomption,L'assomption,,Quebec,"L'assomption, Quebec",Canada,location,1,632
PQ620,PQ,620,Montreal,Montreal,,Quebec,"Montreal, Quebec",Canada,location,28,632
PQ745,PQ,745,Quebec,Quebec,,Quebec,"Quebec, Quebec",Canada,location,17,633
PQ750,PQ,750,Quebec West,Quebec West,,Quebec,"Quebec West, Quebec",Canada,location,3,633
PQ780,PQ,780,St-Jean,St-Jean,,Quebec,"St-Jean, Quebec",Canada,location,2,634
PQ800,PQ,800,St. Leonard,St. Leonard,,Quebec,"St. Leonard, Quebec",Canada,location,14,634
PQ825,PQ,825,Shawinigan Falls,Shawinigan Falls,,Quebec,"Shawinigan Falls, Quebec",Canada,location,2,634
PQ850,PQ,850,Sherbrooke,Sherbrooke,,Quebec,"Sherbrooke, Quebec",Canada,location,9,634
PQ870,PQ,870,Sorel,Sorel,,Quebec,"Sorel, Quebec",Canada,location,7,635
PQ900,PQ,900,Terrebonne,Terrebonne,,Quebec,"Terrebonne, Quebec",Canada,location,1,635
PQ925,PQ,925,Thetford Mines,Thetford Mines,,Quebec,"Thetford Mines, Quebec",Canada,location,5,635
PQ950,PQ,950,Trois Rivieres,Trois Rivieres,,Quebec,"Trois Rivieres, Quebec",Canada,location,6,635
PQ970,PQ,970,Verdun,Verdun,,Quebec,"Verdun, Quebec",Canada,location,3,635
PQ997,PQ,997,Zone Checks,Zone Checks,,Quebec,"Zone Checks, Quebec",Canada,category,2,636
PQ998,PQ,998,Patterns,Patterns,,Quebec,"Patterns, Quebec",Canada,category,3,636
PQ999,PQ,999,Passes,Passes,,Quebec,"Passes, Quebec",Canada,category,29,637
SK700,SK,700,Prince Albert,Prince Albert,,Saskatchewan,"Prince Albert, Saskatchewan",Canada,location,1,638
SK800,SK,800,Regina,Regina,,Saskatchewan,"Regina, Saskatchewan",Canada,location,2,638
